(05924) 07/15/2023 01:38:35.869 Dtool> Info: [TmDlpeInstallAgent] ====== Start to install DLP ====== @pasdk.cpp(2074)
(05924) 07/15/2023 01:38:35.869 Dtool> Info: [TmDlpeInstallAgent] Datfhs Path C:\Program Files (x86)\Trend Micro\Security Agent\DatFHS.dll, @pasdk.cpp(2119)
(05924) 07/15/2023 01:38:35.871 Dtool> Info: [TrustCertMgr::CheckDLPBinaryIssuerForOneFile] Check file [C:\Program Files (x86)\Trend Micro\Security Agent\dlplite\System32\\dgagent\win32\apihookstub.x86.dll], Version[6.2.0.5183]  @trustcertmgr.cpp(714)
(05924) 07/15/2023 01:38:35.879 Dtool> Info: [TrustCertMgr::CheckDLPBinaryIssuerForOneFile] Check file [C:\Program Files (x86)\Trend Micro\Security Agent\dlplite\System32\\dgagent\win32\dlpexaddin.x86.dll], Version[6.2.0.5183]  @trustcertmgr.cpp(714)
(05924) 07/15/2023 01:38:35.889 Dtool> Info: [TrustCertMgr::CheckDLPBinaryIssuerForOneFile] Check file [C:\Program Files (x86)\Trend Micro\Security Agent\dlplite\System32\\dgagent\win32\dlphook.x86.dll], Version[6.2.0.5227]  @trustcertmgr.cpp(714)
(05924) 07/15/2023 01:38:35.912 Dtool> Info: [TrustCertMgr::CheckDLPBinaryIssuerForOneFile] Check file [C:\Program Files (x86)\Trend Micro\Security Agent\dlplite\System32\\dgagent\win32\dlp_utils.dll], Version[6.2.0.5240]  @trustcertmgr.cpp(714)
(05924) 07/15/2023 01:38:35.917 Dtool> Info: [TrustCertMgr::CheckDLPBinaryIssuerForOneFile] Check file [C:\Program Files (x86)\Trend Micro\Security Agent\dlplite\System32\\dgagent\win32\immessagehook.dll], Version[6.2.0.5183]  @trustcertmgr.cpp(714)
(05924) 07/15/2023 01:38:35.921 Dtool> Info: [TrustCertMgr::CheckDLPBinaryIssuerForOneFile] Check file [C:\Program Files (x86)\Trend Micro\Security Agent\dlplite\System32\\dgagent\win32\nmem.dll], Version[6.2.0.5221]  @trustcertmgr.cpp(714)
(05924) 07/15/2023 01:38:35.928 Dtool> Info: [TrustCertMgr::CheckDLPBinaryIssuerForOneFile] Check file [C:\Program Files (x86)\Trend Micro\Security Agent\dlplite\System32\\dgagent\x64\7z.dll], Version[18.5.0.0]  @trustcertmgr.cpp(714)
(05924) 07/15/2023 01:38:35.933 Dtool> Info: [TrustCertMgr::CheckDLPBinaryIssuerForOneFile] Check file [C:\Program Files (x86)\Trend Micro\Security Agent\dlplite\System32\\dgagent\x64\7z.exe], Version[18.5.0.0]  @trustcertmgr.cpp(714)
(05924) 07/15/2023 01:38:35.937 Dtool> Info: [TrustCertMgr::CheckDLPBinaryIssuerForOneFile] Check file [C:\Program Files (x86)\Trend Micro\Security Agent\dlplite\System32\\dgagent\x64\apihookstub.x64.dll], Version[6.2.0.5183]  @trustcertmgr.cpp(714)
(05924) 07/15/2023 01:38:35.940 Dtool> Info: [TrustCertMgr::CheckDLPBinaryIssuerForOneFile] Check file [C:\Program Files (x86)\Trend Micro\Security Agent\dlplite\System32\\dgagent\x64\archive_7z.dll], Version[6.2.0.5183]  @trustcertmgr.cpp(714)
(05924) 07/15/2023 01:38:35.943 Dtool> Info: [TrustCertMgr::CheckDLPBinaryIssuerForOneFile] Check file [C:\Program Files (x86)\Trend Micro\Security Agent\dlplite\System32\\dgagent\x64\archive_vsapi.dll], Version[6.2.0.5183]  @trustcertmgr.cpp(714)
(05924) 07/15/2023 01:38:35.947 Dtool> Info: [TrustCertMgr::CheckDLPBinaryIssuerForOneFile] Check file [C:\Program Files (x86)\Trend Micro\Security Agent\dlplite\System32\\dgagent\x64\cme_vxe_dll.dll], Version[6.2.0.5221]  @trustcertmgr.cpp(714)
(05924) 07/15/2023 01:38:35.956 Dtool> Info: [TrustCertMgr::CheckDLPBinaryIssuerForOneFile] Check file [C:\Program Files (x86)\Trend Micro\Security Agent\dlplite\System32\\dgagent\x64\datadiscovery.exe], Version[6.2.0.5240]  @trustcertmgr.cpp(714)
(05924) 07/15/2023 01:38:35.966 Dtool> Info: [TrustCertMgr::CheckDLPBinaryIssuerForOneFile] Check file [C:\Program Files (x86)\Trend Micro\Security Agent\dlplite\System32\\dgagent\x64\dbghelp.dll], Version[6.11.1.404]  @trustcertmgr.cpp(714)
(05924) 07/15/2023 01:38:35.974 Dtool> Info: [TrustCertMgr::CheckDLPBinaryIssuerForOneFile] Check file [C:\Program Files (x86)\Trend Micro\Security Agent\dlplite\System32\\dgagent\x64\dlpconverter_dt.dll], Version[6.2.0.5240]  @trustcertmgr.cpp(714)
(05924) 07/15/2023 01:38:35.980 Dtool> Info: [TrustCertMgr::CheckDLPBinaryIssuerForOneFile] Check file [C:\Program Files (x86)\Trend Micro\Security Agent\dlplite\System32\\dgagent\x64\dlpdrvif.dll], Version[6.2.0.5240]  @trustcertmgr.cpp(714)
(05924) 07/15/2023 01:38:35.987 Dtool> Info: [TrustCertMgr::CheckDLPBinaryIssuerForOneFile] Check file [C:\Program Files (x86)\Trend Micro\Security Agent\dlplite\System32\\dgagent\x64\dlpexaddin.x64.dll], Version[6.2.0.5183]  @trustcertmgr.cpp(714)
(05924) 07/15/2023 01:38:35.996 Dtool> Info: [TrustCertMgr::CheckDLPBinaryIssuerForOneFile] Check file [C:\Program Files (x86)\Trend Micro\Security Agent\dlplite\System32\\dgagent\x64\dlphook.x64.dll], Version[6.2.0.5227]  @trustcertmgr.cpp(714)
(05924) 07/15/2023 01:38:36.019 Dtool> Info: [TrustCertMgr::CheckDLPBinaryIssuerForOneFile] Check file [C:\Program Files (x86)\Trend Micro\Security Agent\dlplite\System32\\dgagent\x64\dlpwpdfltr\dlpwpdfltr.sys], Version[6.2.0.5227]  @trustcertmgr.cpp(714)
(05924) 07/15/2023 01:38:36.033 Dtool> Info: [TrustCertMgr::CheckDLPBinaryIssuerForOneFile] Check file [C:\Program Files (x86)\Trend Micro\Security Agent\dlplite\System32\\dgagent\x64\dlpwpdfltr\wdfredist\kmdf-1.9\microsoft kernel-mode driver framework install-v1.9-win2k-winxp-win2k3.exe], Version[6.3.15.0]  @trustcertmgr.cpp(714)
(05924) 07/15/2023 01:38:36.038 Dtool> Info: [TrustCertMgr::CheckDLPBinaryIssuerForOneFile] Check file [C:\Program Files (x86)\Trend Micro\Security Agent\dlplite\System32\\dgagent\x64\dlpwpdfltr\wdfredist\umdf-1.9\microsoft user-mode driver framework install-v1.9-winxp-srv03.exe], Version[6.3.15.0]  @trustcertmgr.cpp(714)
(05924) 07/15/2023 01:38:36.043 Dtool> Info: [TrustCertMgr::CheckDLPBinaryIssuerForOneFile] Check file [C:\Program Files (x86)\Trend Micro\Security Agent\dlplite\System32\\dgagent\x64\dlpwpdfltr\wdfredist\usbcoinstaller2\winusb.exe], Version[6.3.15.0]  @trustcertmgr.cpp(714)
(05924) 07/15/2023 01:38:36.046 Dtool> Info: [TrustCertMgr::CheckDLPBinaryIssuerForOneFile] Check file [C:\Program Files (x86)\Trend Micro\Security Agent\dlplite\System32\\dgagent\x64\dlp_telemetry.dll], Version[6.2.0.5183]  @trustcertmgr.cpp(714)
(05924) 07/15/2023 01:38:36.049 Dtool> Info: [TrustCertMgr::CheckDLPBinaryIssuerForOneFile] Check file [C:\Program Files (x86)\Trend Micro\Security Agent\dlplite\System32\\dgagent\x64\dlp_utils.dll], Version[6.2.0.5240]  @trustcertmgr.cpp(714)
(05924) 07/15/2023 01:38:36.067 Dtool> Info: [TrustCertMgr::CheckDLPBinaryIssuerForOneFile] Check file [C:\Program Files (x86)\Trend Micro\Security Agent\dlplite\System32\\dgagent\x64\dsagent.exe], Version[6.2.0.5240]  @trustcertmgr.cpp(714)
(05924) 07/15/2023 01:38:36.100 Dtool> Info: [TrustCertMgr::CheckDLPBinaryIssuerForOneFile] Check file [C:\Program Files (x86)\Trend Micro\Security Agent\dlplite\System32\\dgagent\x64\dtengine64.dll], Version[7.2201.8749.1]  @trustcertmgr.cpp(714)
(05924) 07/15/2023 01:38:36.122 Dtool> Info: [TrustCertMgr::CheckDLPBinaryIssuerForOneFile] Check file [C:\Program Files (x86)\Trend Micro\Security Agent\dlplite\System32\\dgagent\x64\dtoop.exe], Version[6.2.0.5240]  @trustcertmgr.cpp(714)
(05924) 07/15/2023 01:38:36.126 Dtool> Info: [TrustCertMgr::CheckDLPBinaryIssuerForOneFile] Check file [C:\Program Files (x86)\Trend Micro\Security Agent\dlplite\System32\\dgagent\x64\feapi.dll], Version[6.0.0.3030]  @trustcertmgr.cpp(714)
(05924) 07/15/2023 01:38:36.129 Dtool> Info: [TrustCertMgr::CheckDLPBinaryIssuerForOneFile] Check file [C:\Program Files (x86)\Trend Micro\Security Agent\dlplite\System32\\dgagent\x64\fecmd.exe], Version[6.0.0.3030]  @trustcertmgr.cpp(714)
(05924) 07/15/2023 01:38:36.180 Dtool> Info: [TrustCertMgr::CheckDLPBinaryIssuerForOneFile] Check file [C:\Program Files (x86)\Trend Micro\Security Agent\dlplite\System32\\dgagent\x64\icudt68.dll], Version[68.2.0.0]  @trustcertmgr.cpp(714)
(05924) 07/15/2023 01:38:36.238 Dtool> Info: [TrustCertMgr::CheckDLPBinaryIssuerForOneFile] Check file [C:\Program Files (x86)\Trend Micro\Security Agent\dlplite\System32\\dgagent\x64\icuin68.dll], Version[68.2.0.0]  @trustcertmgr.cpp(714)
(05924) 07/15/2023 01:38:36.247 Dtool> Info: [TrustCertMgr::CheckDLPBinaryIssuerForOneFile] Check file [C:\Program Files (x86)\Trend Micro\Security Agent\dlplite\System32\\dgagent\x64\icuuc68.dll], Version[68.2.0.0]  @trustcertmgr.cpp(714)
(05924) 07/15/2023 01:38:36.253 Dtool> Info: [TrustCertMgr::CheckDLPBinaryIssuerForOneFile] Check file [C:\Program Files (x86)\Trend Micro\Security Agent\dlplite\System32\\dgagent\x64\immessagehook.dll], Version[6.2.0.5183]  @trustcertmgr.cpp(714)
(05924) 07/15/2023 01:38:36.258 Dtool> Info: [TrustCertMgr::CheckDLPBinaryIssuerForOneFile] Check file [C:\Program Files (x86)\Trend Micro\Security Agent\dlplite\System32\\dgagent\x64\inetftpparser.dll], Version[6.2.0.5240]  @trustcertmgr.cpp(714)
(05924) 07/15/2023 01:38:36.264 Dtool> Info: [TrustCertMgr::CheckDLPBinaryIssuerForOneFile] Check file [C:\Program Files (x86)\Trend Micro\Security Agent\dlplite\System32\\dgagent\x64\inethttpparser.dll], Version[6.2.0.5240]  @trustcertmgr.cpp(714)
(05924) 07/15/2023 01:38:36.270 Dtool> Info: [TrustCertMgr::CheckDLPBinaryIssuerForOneFile] Check file [C:\Program Files (x86)\Trend Micro\Security Agent\dlplite\System32\\dgagent\x64\inetrapiparser.dll], Version[6.2.0.5240]  @trustcertmgr.cpp(714)
(05924) 07/15/2023 01:38:36.276 Dtool> Info: [TrustCertMgr::CheckDLPBinaryIssuerForOneFile] Check file [C:\Program Files (x86)\Trend Micro\Security Agent\dlplite\System32\\dgagent\x64\inetsmtpparser.dll], Version[6.2.0.5240]  @trustcertmgr.cpp(714)
(05924) 07/15/2023 01:38:36.286 Dtool> Info: [TrustCertMgr::CheckDLPBinaryIssuerForOneFile] Check file [C:\Program Files (x86)\Trend Micro\Security Agent\dlplite\System32\\dgagent\x64\inetsyncfile.dll], Version[6.2.0.5240]  @trustcertmgr.cpp(714)
(05924) 07/15/2023 01:38:36.297 Dtool> Info: [TrustCertMgr::CheckDLPBinaryIssuerForOneFile] Check file [C:\Program Files (x86)\Trend Micro\Security Agent\dlplite\System32\\dgagent\x64\listdeviceinfo.exe], Version[6.2.0.5183]  @trustcertmgr.cpp(714)
(05924) 07/15/2023 01:38:36.309 Dtool> Info: [TrustCertMgr::CheckDLPBinaryIssuerForOneFile] Check file [C:\Program Files (x86)\Trend Micro\Security Agent\dlplite\System32\\dgagent\x64\msvcp140.dll], Version[14.27.29112.0]  @trustcertmgr.cpp(714)
(05924) 07/15/2023 01:38:36.315 Dtool> Info: [TrustCertMgr::CheckDLPBinaryIssuerForOneFile] Check file [C:\Program Files (x86)\Trend Micro\Security Agent\dlplite\System32\\dgagent\x64\nmem.dll], Version[6.2.0.5221]  @trustcertmgr.cpp(714)
(05924) 07/15/2023 01:38:36.321 Dtool> Info: [TrustCertMgr::CheckDLPBinaryIssuerForOneFile] Check file [C:\Program Files (x86)\Trend Micro\Security Agent\dlplite\System32\\dgagent\x64\removeworkingdirectory.exe], Version[6.2.0.5183]  @trustcertmgr.cpp(714)
(05924) 07/15/2023 01:38:36.332 Dtool> Info: [TrustCertMgr::CheckDLPBinaryIssuerForOneFile] Check file [C:\Program Files (x86)\Trend Micro\Security Agent\dlplite\System32\\dgagent\x64\showmsg.exe], Version[6.2.0.5240]  @trustcertmgr.cpp(714)
(05924) 07/15/2023 01:38:36.344 Dtool> Info: [TrustCertMgr::CheckDLPBinaryIssuerForOneFile] Check file [C:\Program Files (x86)\Trend Micro\Security Agent\dlplite\System32\\dgagent\x64\tmdevctrl.dll], Version[6.2.0.5240]  @trustcertmgr.cpp(714)
(05924) 07/15/2023 01:38:36.352 Dtool> Info: [TrustCertMgr::CheckDLPBinaryIssuerForOneFile] Check file [C:\Program Files (x86)\Trend Micro\Security Agent\dlplite\System32\\dgagent\x64\tmdsmengine.dll], Version[6.2.0.5183]  @trustcertmgr.cpp(714)
(05924) 07/15/2023 01:38:36.358 Dtool> Info: [TrustCertMgr::CheckDLPBinaryIssuerForOneFile] Check file [C:\Program Files (x86)\Trend Micro\Security Agent\dlplite\System32\\dgagent\x64\upgradecleaner.exe], Version[6.2.0.5183]  @trustcertmgr.cpp(714)
(05924) 07/15/2023 01:38:36.366 Dtool> Info: [TrustCertMgr::CheckDLPBinaryIssuerForOneFile] Check file [C:\Program Files (x86)\Trend Micro\Security Agent\dlplite\System32\\dgagent\x64\vcruntime140.dll], Version[14.27.29112.0]  @trustcertmgr.cpp(714)
(05924) 07/15/2023 01:38:36.371 Dtool> Info: [TrustCertMgr::CheckDLPBinaryIssuerForOneFile] Check file [C:\Program Files (x86)\Trend Micro\Security Agent\dlplite\System32\\dgagent\x64\vcruntime140_1.dll], Version[14.27.29112.0]  @trustcertmgr.cpp(714)
(05924) 07/15/2023 01:38:36.376 Dtool> Info: [TrustCertMgr::CheckDLPBinaryIssuerForOneFile] Check file [C:\Program Files (x86)\Trend Micro\Security Agent\dlplite\System32\\drivers\dlpnetfltr.sys], Version[6.2.0.5204]  @trustcertmgr.cpp(714)
(05924) 07/15/2023 01:38:36.392 Dtool> Info: [TrustCertMgr::CheckDLPBinaryIssuerForOneFile] Check file [C:\Program Files (x86)\Trend Micro\Security Agent\dlplite\System32\\drivers\sakcd.sys], Version[6.2.0.5173]  @trustcertmgr.cpp(714)
(05924) 07/15/2023 01:38:36.405 Dtool> Info: [TrustCertMgr::CheckDLPBinaryIssuerForOneFile] Check file [C:\Program Files (x86)\Trend Micro\Security Agent\dlplite\System32\\drivers\sakfile.sys], Version[6.2.0.5238]  @trustcertmgr.cpp(714)
(05924) 07/15/2023 01:38:36.415 Dtool> Info: [TrustCertMgr::CheckDLPBinaryIssuerForOneFile] Check file [C:\Program Files (x86)\Trend Micro\Security Agent\dlplite\System32\\showmix.dll], Version[6.2.0.5001]  @trustcertmgr.cpp(714)
(05924) 07/15/2023 01:38:36.424 Dtool> Info: [TrustCertMgr::CheckDLPBinaryIssuerForOneFile] Check file [C:\Program Files (x86)\Trend Micro\Security Agent\dlplite\System32\\showmsg.exe], Version[6.2.0.5240]  @trustcertmgr.cpp(714)
(05924) 07/15/2023 01:38:36.430 Dtool> Info: dg_support_os> OS Info: Major<10> Minor<0> SP<0>
(05924) 07/15/2023 01:38:36.431 Dtool> Info: [dg_push_agent] --- install agent for device control --- @dtool.cpp(480)
(05924) 07/15/2023 01:38:36.431 Dtool> Info: DLP Endpoint was not installed before! Will not clear up!
(05924) 07/15/2023 01:38:36.431 Dtool> Err : UninstallExistingTMDLP DLPE-SDK is not installed
(05924) 07/15/2023 01:38:36.431 Dtool> Info: Remove [C:\Windows\system32\Logger.cfg]
(05924) 07/15/2023 01:38:36.431 Dtool> Info: Installing 64bit agent.
(05924) 07/15/2023 01:38:36.431 Dtool> Info: 64-bit agent source directory: C:\Program Files (x86)\Trend Micro\Security Agent\dlplite\System32\dgagent\x64
(05924) 07/15/2023 01:38:36.431 Dtool> Info: 64-bit agent destination directory: C:\Windows\system32\dgagent
(05924) 07/15/2023 01:38:36.431 Dtool> Info: 32-bit agent source directory: C:\Program Files (x86)\Trend Micro\Security Agent\dlplite\System32\dgagent\win32
(05924) 07/15/2023 01:38:36.431 Dtool> Info: 32-bit agent destination directory: C:\Windows\SysWOW64\dgagent
(05924) 07/15/2023 01:38:36.441 Dtool> Info: Copy [C:\Program Files (x86)\Trend Micro\Security Agent\dlplite\System32\dgagent\x64\7z.dll] to [C:\Windows\system32\dgagent\7z.dll]
(05924) 07/15/2023 01:38:36.443 Dtool> Info: Copy [C:\Program Files (x86)\Trend Micro\Security Agent\dlplite\System32\dgagent\x64\7z.exe] to [C:\Windows\system32\dgagent\7z.exe]
(05924) 07/15/2023 01:38:36.444 Dtool> Info: Copy [C:\Program Files (x86)\Trend Micro\Security Agent\dlplite\System32\dgagent\x64\american-name.txt] to [C:\Windows\system32\dgagent\american-name.txt]
(05924) 07/15/2023 01:38:36.446 Dtool> Info: Copy [C:\Program Files (x86)\Trend Micro\Security Agent\dlplite\System32\dgagent\x64\apihookstub.x64.dll] to [C:\Windows\system32\dgagent\apihookstub.x64.dll]
(05924) 07/15/2023 01:38:36.447 Dtool> Info: Copy [C:\Program Files (x86)\Trend Micro\Security Agent\dlplite\System32\dgagent\x64\archive_7z.dll] to [C:\Windows\system32\dgagent\archive_7z.dll]
(05924) 07/15/2023 01:38:36.448 Dtool> Info: Copy [C:\Program Files (x86)\Trend Micro\Security Agent\dlplite\System32\dgagent\x64\archive_vsapi.dll] to [C:\Windows\system32\dgagent\archive_vsapi.dll]
(05924) 07/15/2023 01:38:36.449 Dtool> Info: Copy [C:\Program Files (x86)\Trend Micro\Security Agent\dlplite\System32\dgagent\x64\browser_pattern.xml] to [C:\Windows\system32\dgagent\browser_pattern.xml]
(05924) 07/15/2023 01:38:36.450 Dtool> Info: Copy [C:\Program Files (x86)\Trend Micro\Security Agent\dlplite\System32\dgagent\x64\cme.conf] to [C:\Windows\system32\dgagent\cme.conf]
(05924) 07/15/2023 01:38:36.451 Dtool> Info: Copy [C:\Program Files (x86)\Trend Micro\Security Agent\dlplite\System32\dgagent\x64\cme_vxe_dll.dll] to [C:\Windows\system32\dgagent\cme_vxe_dll.dll]
(05924) 07/15/2023 01:38:36.452 Dtool> Info: Copy [C:\Program Files (x86)\Trend Micro\Security Agent\dlplite\System32\dgagent\x64\converter.pro] to [C:\Windows\system32\dgagent\converter.pro]
(05924) 07/15/2023 01:38:36.453 Dtool> Info: Copy [C:\Program Files (x86)\Trend Micro\Security Agent\dlplite\System32\dgagent\x64\customdlg.xml] to [C:\Windows\system32\dgagent\customdlg.xml]
(05924) 07/15/2023 01:38:36.454 Dtool> Info: Copy [C:\Program Files (x86)\Trend Micro\Security Agent\dlplite\System32\dgagent\x64\datadiscovery.exe] to [C:\Windows\system32\dgagent\datadiscovery.exe]
(05924) 07/15/2023 01:38:36.458 Dtool> Info: Copy [C:\Program Files (x86)\Trend Micro\Security Agent\dlplite\System32\dgagent\x64\dbghelp.dll] to [C:\Windows\system32\dgagent\dbghelp.dll]
(05924) 07/15/2023 01:38:36.460 Dtool> Info: Copy [C:\Program Files (x86)\Trend Micro\Security Agent\dlplite\System32\dgagent\x64\discovery.cfg] to [C:\Windows\system32\dgagent\discovery.cfg]
(05924) 07/15/2023 01:38:36.461 Dtool> Info: Copy [C:\Program Files (x86)\Trend Micro\Security Agent\dlplite\System32\dgagent\x64\discovery.pro] to [C:\Windows\system32\dgagent\discovery.pro]
(05924) 07/15/2023 01:38:36.462 Dtool> Info: Copy [C:\Program Files (x86)\Trend Micro\Security Agent\dlplite\System32\dgagent\x64\dlpconverter_dt.dll] to [C:\Windows\system32\dgagent\dlpconverter_dt.dll]
(05924) 07/15/2023 01:38:36.463 Dtool> Info: Copy [C:\Program Files (x86)\Trend Micro\Security Agent\dlplite\System32\dgagent\x64\dlpdrvif.dll] to [C:\Windows\system32\dgagent\dlpdrvif.dll]
(05924) 07/15/2023 01:38:36.464 Dtool> Info: Copy [C:\Program Files (x86)\Trend Micro\Security Agent\dlplite\System32\dgagent\x64\dlpexaddin.x64.dll] to [C:\Windows\system32\dgagent\dlpexaddin.x64.dll]
(05924) 07/15/2023 01:38:36.466 Dtool> Info: Copy [C:\Program Files (x86)\Trend Micro\Security Agent\dlplite\System32\dgagent\x64\dlphook.x64.dll] to [C:\Windows\system32\dgagent\dlphook.x64.dll]
(05924) 07/15/2023 01:38:36.467 Dtool> Info: Copy [C:\Program Files (x86)\Trend Micro\Security Agent\dlplite\System32\dgagent\x64\dlpwpdfltr\dlpwpdfltr.cat] to [C:\Windows\system32\dgagent\dlpwpdfltr\dlpwpdfltr.cat]
(05924) 07/15/2023 01:38:36.468 Dtool> Info: Copy [C:\Program Files (x86)\Trend Micro\Security Agent\dlplite\System32\dgagent\x64\dlpwpdfltr\dlpwpdfltr.inf] to [C:\Windows\system32\dgagent\dlpwpdfltr\dlpwpdfltr.inf]
(05924) 07/15/2023 01:38:36.468 Dtool> Info: Copy [C:\Program Files (x86)\Trend Micro\Security Agent\dlplite\System32\dgagent\x64\dlpwpdfltr\dlpwpdfltr.sys] to [C:\Windows\system32\dgagent\dlpwpdfltr\dlpwpdfltr.sys]
(05924) 07/15/2023 01:38:36.469 Dtool> Info: Copy [C:\Program Files (x86)\Trend Micro\Security Agent\dlplite\System32\dgagent\x64\dlpwpdfltr\wdfredist\kmdf-1.9\microsoft kernel-mode driver framework install-v1.9-vista.msu] to [C:\Windows\system32\dgagent\dlpwpdfltr\wdfredist\kmdf-1.9\microsoft kernel-mode driver framework install-v1.9-vista.msu]
(05924) 07/15/2023 01:38:36.471 Dtool> Info: Copy [C:\Program Files (x86)\Trend Micro\Security Agent\dlplite\System32\dgagent\x64\dlpwpdfltr\wdfredist\kmdf-1.9\microsoft kernel-mode driver framework install-v1.9-win2k-winxp-win2k3.exe] to [C:\Windows\system32\dgagent\dlpwpdfltr\wdfredist\kmdf-1.9\microsoft kernel-mode driver framework install-v1.9-win2k-winxp-win2k3.exe]
(05924) 07/15/2023 01:38:36.472 Dtool> Info: Copy [C:\Program Files (x86)\Trend Micro\Security Agent\dlplite\System32\dgagent\x64\dlpwpdfltr\wdfredist\umdf-1.9\microsoft user-mode driver framework install-v1.9-vista.msu] to [C:\Windows\system32\dgagent\dlpwpdfltr\wdfredist\umdf-1.9\microsoft user-mode driver framework install-v1.9-vista.msu]
(05924) 07/15/2023 01:38:36.473 Dtool> Info: Copy [C:\Program Files (x86)\Trend Micro\Security Agent\dlplite\System32\dgagent\x64\dlpwpdfltr\wdfredist\umdf-1.9\microsoft user-mode driver framework install-v1.9-winxp-srv03.exe] to [C:\Windows\system32\dgagent\dlpwpdfltr\wdfredist\umdf-1.9\microsoft user-mode driver framework install-v1.9-winxp-srv03.exe]
(05924) 07/15/2023 01:38:36.474 Dtool> Info: Copy [C:\Program Files (x86)\Trend Micro\Security Agent\dlplite\System32\dgagent\x64\dlpwpdfltr\wdfredist\usbcoinstaller2\winusb.exe] to [C:\Windows\system32\dgagent\dlpwpdfltr\wdfredist\usbcoinstaller2\winusb.exe]
(05924) 07/15/2023 01:38:36.475 Dtool> Info: Copy [C:\Program Files (x86)\Trend Micro\Security Agent\dlplite\System32\dgagent\x64\dlpwpdfltr\wdfredist\usbcoinstaller2\winusb_1.9.msu] to [C:\Windows\system32\dgagent\dlpwpdfltr\wdfredist\usbcoinstaller2\winusb_1.9.msu]
(05924) 07/15/2023 01:38:36.476 Dtool> Info: Copy [C:\Program Files (x86)\Trend Micro\Security Agent\dlplite\System32\dgagent\x64\dlp_telemetry.dll] to [C:\Windows\system32\dgagent\dlp_telemetry.dll]
(05924) 07/15/2023 01:38:36.476 Dtool> Info: Copy [C:\Program Files (x86)\Trend Micro\Security Agent\dlplite\System32\dgagent\x64\dlp_utils.dll] to [C:\Windows\system32\dgagent\dlp_utils.dll]
(05924) 07/15/2023 01:38:36.477 Dtool> Info: Copy [C:\Program Files (x86)\Trend Micro\Security Agent\dlplite\System32\dgagent\x64\dsa.cfg] to [C:\Windows\system32\dgagent\dsa.cfg]
(05924) 07/15/2023 01:38:36.477 Dtool> Info: Copy [C:\Program Files (x86)\Trend Micro\Security Agent\dlplite\System32\dgagent\x64\dsa.ctl] to [C:\Windows\system32\dgagent\dsa.ctl]
(05924) 07/15/2023 01:38:36.478 Dtool> Info: Copy [C:\Program Files (x86)\Trend Micro\Security Agent\dlplite\System32\dgagent\x64\dsa.pol] to [C:\Windows\system32\dgagent\dsa.pol]
(05924) 07/15/2023 01:38:36.478 Dtool> Info: Copy [C:\Program Files (x86)\Trend Micro\Security Agent\dlplite\System32\dgagent\x64\dsa.pro] to [C:\Windows\system32\dgagent\dsa.pro]
(05924) 07/15/2023 01:38:36.479 Dtool> Info: Copy [C:\Program Files (x86)\Trend Micro\Security Agent\dlplite\System32\dgagent\x64\dsagent.exe] to [C:\Windows\system32\dgagent\dsagent.exe]
(05924) 07/15/2023 01:38:36.483 Dtool> Info: Copy [C:\Program Files (x86)\Trend Micro\Security Agent\dlplite\System32\dgagent\x64\dsa_setting_default.xml] to [C:\Windows\system32\dgagent\dsa_setting_default.xml]
(05924) 07/15/2023 01:38:36.484 Dtool> Info: Copy [C:\Program Files (x86)\Trend Micro\Security Agent\dlplite\System32\dgagent\x64\dtengine64.dll] to [C:\Windows\system32\dgagent\dtengine64.dll]
(05924) 07/15/2023 01:38:36.489 Dtool> Info: Copy [C:\Program Files (x86)\Trend Micro\Security Agent\dlplite\System32\dgagent\x64\dtoop.exe] to [C:\Windows\system32\dgagent\dtoop.exe]
(05924) 07/15/2023 01:38:36.489 Dtool> Info: Copy [C:\Program Files (x86)\Trend Micro\Security Agent\dlplite\System32\dgagent\x64\etyv] to [C:\Windows\system32\dgagent\etyv]
(05924) 07/15/2023 01:38:36.490 Dtool> Info: Copy [C:\Program Files (x86)\Trend Micro\Security Agent\dlplite\System32\dgagent\x64\feapi.dll] to [C:\Windows\system32\dgagent\feapi.dll]
(05924) 07/15/2023 01:38:36.490 Dtool> Info: Copy [C:\Program Files (x86)\Trend Micro\Security Agent\dlplite\System32\dgagent\x64\fecmd.exe] to [C:\Windows\system32\dgagent\fecmd.exe]
(05924) 07/15/2023 01:38:36.491 Dtool> Info: Copy [C:\Program Files (x86)\Trend Micro\Security Agent\dlplite\System32\dgagent\x64\icudt68.dll] to [C:\Windows\system32\dgagent\icudt68.dll]
(05924) 07/15/2023 01:38:36.504 Dtool> Info: Copy [C:\Program Files (x86)\Trend Micro\Security Agent\dlplite\System32\dgagent\x64\icuin68.dll] to [C:\Windows\system32\dgagent\icuin68.dll]
(05924) 07/15/2023 01:38:36.507 Dtool> Info: Copy [C:\Program Files (x86)\Trend Micro\Security Agent\dlplite\System32\dgagent\x64\icuuc68.dll] to [C:\Windows\system32\dgagent\icuuc68.dll]
(05924) 07/15/2023 01:38:36.508 Dtool> Info: Copy [C:\Program Files (x86)\Trend Micro\Security Agent\dlplite\System32\dgagent\x64\immessagehook.dll] to [C:\Windows\system32\dgagent\immessagehook.dll]
(05924) 07/15/2023 01:38:36.509 Dtool> Info: Copy [C:\Program Files (x86)\Trend Micro\Security Agent\dlplite\System32\dgagent\x64\inetftpparser.dll] to [C:\Windows\system32\dgagent\inetftpparser.dll]
(05924) 07/15/2023 01:38:36.510 Dtool> Info: Copy [C:\Program Files (x86)\Trend Micro\Security Agent\dlplite\System32\dgagent\x64\inethttpparser.dll] to [C:\Windows\system32\dgagent\inethttpparser.dll]
(05924) 07/15/2023 01:38:36.511 Dtool> Info: Copy [C:\Program Files (x86)\Trend Micro\Security Agent\dlplite\System32\dgagent\x64\inetrapiparser.dll] to [C:\Windows\system32\dgagent\inetrapiparser.dll]
(05924) 07/15/2023 01:38:36.512 Dtool> Info: Copy [C:\Program Files (x86)\Trend Micro\Security Agent\dlplite\System32\dgagent\x64\inetsmtpparser.dll] to [C:\Windows\system32\dgagent\inetsmtpparser.dll]
(05924) 07/15/2023 01:38:36.513 Dtool> Info: Copy [C:\Program Files (x86)\Trend Micro\Security Agent\dlplite\System32\dgagent\x64\inetsyncfile.dll] to [C:\Windows\system32\dgagent\inetsyncfile.dll]
(05924) 07/15/2023 01:38:36.514 Dtool> Info: Copy [C:\Program Files (x86)\Trend Micro\Security Agent\dlplite\System32\dgagent\x64\listdeviceinfo.conf.ini] to [C:\Windows\system32\dgagent\listdeviceinfo.conf.ini]
(05924) 07/15/2023 01:38:36.514 Dtool> Info: Copy [C:\Program Files (x86)\Trend Micro\Security Agent\dlplite\System32\dgagent\x64\listdeviceinfo.exe] to [C:\Windows\system32\dgagent\listdeviceinfo.exe]
(05924) 07/15/2023 01:38:36.516 Dtool> Info: Copy [C:\Program Files (x86)\Trend Micro\Security Agent\dlplite\System32\dgagent\x64\msvcp140.dll] to [C:\Windows\system32\dgagent\msvcp140.dll]
(05924) 07/15/2023 01:38:36.517 Dtool> Info: Copy [C:\Program Files (x86)\Trend Micro\Security Agent\dlplite\System32\dgagent\x64\nmem.dll] to [C:\Windows\system32\dgagent\nmem.dll]
(05924) 07/15/2023 01:38:36.518 Dtool> Info: Copy [C:\Program Files (x86)\Trend Micro\Security Agent\dlplite\System32\dgagent\x64\removeworkingdirectory.exe] to [C:\Windows\system32\dgagent\removeworkingdirectory.exe]
(05924) 07/15/2023 01:38:36.518 Dtool> Info: Copy [C:\Program Files (x86)\Trend Micro\Security Agent\dlplite\System32\dgagent\x64\showmix.xml] to [C:\Windows\system32\dgagent\showmix.xml]
(05924) 07/15/2023 01:38:36.519 Dtool> Info: Copy [C:\Program Files (x86)\Trend Micro\Security Agent\dlplite\System32\dgagent\x64\showmsg.exe] to [C:\Windows\system32\dgagent\showmsg.exe]
(05924) 07/15/2023 01:38:36.520 Dtool> Info: Copy [C:\Program Files (x86)\Trend Micro\Security Agent\dlplite\System32\dgagent\x64\spanish-name.txt] to [C:\Windows\system32\dgagent\spanish-name.txt]
(05924) 07/15/2023 01:38:36.521 Dtool> Info: Copy [C:\Program Files (x86)\Trend Micro\Security Agent\dlplite\System32\dgagent\x64\tmdevctrl.dll] to [C:\Windows\system32\dgagent\tmdevctrl.dll]
(05924) 07/15/2023 01:38:36.522 Dtool> Info: Copy [C:\Program Files (x86)\Trend Micro\Security Agent\dlplite\System32\dgagent\x64\tmdlpe.ptn] to [C:\Windows\system32\dgagent\tmdlpe.ptn]
(05924) 07/15/2023 01:38:36.522 Dtool> Info: Copy [C:\Program Files (x86)\Trend Micro\Security Agent\dlplite\System32\dgagent\x64\tmdsmengine.dll] to [C:\Windows\system32\dgagent\tmdsmengine.dll]
(05924) 07/15/2023 01:38:36.523 Dtool> Info: Copy [C:\Program Files (x86)\Trend Micro\Security Agent\dlplite\System32\dgagent\x64\tmpeenum.xml] to [C:\Windows\system32\dgagent\tmpeenum.xml]
(05924) 07/15/2023 01:38:36.523 Dtool> Info: Copy [C:\Program Files (x86)\Trend Micro\Security Agent\dlplite\System32\dgagent\x64\upgradecleaner.exe] to [C:\Windows\system32\dgagent\upgradecleaner.exe]
(05924) 07/15/2023 01:38:36.524 Dtool> Info: Copy [C:\Program Files (x86)\Trend Micro\Security Agent\dlplite\System32\dgagent\x64\vcruntime140.dll] to [C:\Windows\system32\dgagent\vcruntime140.dll]
(05924) 07/15/2023 01:38:36.524 Dtool> Info: Copy [C:\Program Files (x86)\Trend Micro\Security Agent\dlplite\System32\dgagent\x64\vcruntime140_1.dll] to [C:\Windows\system32\dgagent\vcruntime140_1.dll]
(05924) 07/15/2023 01:38:36.525 Dtool> Info: ==> CreateService(DSASvc,00000000)
(05924) 07/15/2023 01:38:36.525 Dtool> Info: Agent push success!
(05924) 07/15/2023 01:38:36.526 Dtool> Info: Copy [C:\Program Files (x86)\Trend Micro\Security Agent\dlplite\System32\dgagent\x64\RemoveWorkingDirectory.exe] to [C:\Windows\system32\RemoveWorkingDirectory.exe]
(05924) 07/15/2023 01:38:36.526 Dtool> Info: Copy [C:\Program Files (x86)\Trend Micro\Security Agent\dlplite\System32\ShowMsg.exe] to [C:\Windows\system32\ShowMsg.exe]
(05924) 07/15/2023 01:38:36.528 Dtool> Info: Copy [C:\Program Files (x86)\Trend Micro\Security Agent\dlplite\System32\ShowMsg.xml] to [C:\Windows\system32\ShowMsg.xml]
(05924) 07/15/2023 01:38:36.529 Dtool> Info: Copy [C:\Program Files (x86)\Trend Micro\Security Agent\dlplite\System32\ShowMix.dll] to [C:\Windows\SysWOW64\ShowMix.dll]
(05924) 07/15/2023 01:38:36.529 Dtool> Info: Copy [C:\Program Files (x86)\Trend Micro\Security Agent\dlplite\System32\dgagent\x64\ShowMix.xml] to [C:\Windows\SysWOW64\ShowMix.xml]
(05924) 07/15/2023 01:38:36.530 Dtool> Info: Add OnlyDeviceCtrl configuration succeed!
(05924) 07/15/2023 01:38:36.530 Dtool> Info: Remove [C:\Windows\system32\drivers\1330885.cab]
(05924) 07/15/2023 01:38:36.530 Dtool> Info: Remove [C:\Windows\system32\drivers\dlpnetfltr.sys]
(05924) 07/15/2023 01:38:36.530 Dtool> Info: Remove [C:\Windows\system32\drivers\sakcd.sys]
(05924) 07/15/2023 01:38:36.530 Dtool> Info: Remove [C:\Windows\system32\drivers\sakfile.sys]
(05924) 07/15/2023 01:38:36.530 Dtool> Info: Copy [C:\Program Files (x86)\Trend Micro\Security Agent\dlplite\System32\drivers\1330885.cab] to [C:\Windows\system32\drivers\1330885.cab]
(05924) 07/15/2023 01:38:36.531 Dtool> Info: Copy [C:\Program Files (x86)\Trend Micro\Security Agent\dlplite\System32\drivers\dlpnetfltr.sys] to [C:\Windows\system32\drivers\dlpnetfltr.sys]
(05924) 07/15/2023 01:38:36.531 Dtool> Info: Copy [C:\Program Files (x86)\Trend Micro\Security Agent\dlplite\System32\drivers\sakcd.sys] to [C:\Windows\system32\drivers\sakcd.sys]
(05924) 07/15/2023 01:38:36.532 Dtool> Info: Copy [C:\Program Files (x86)\Trend Micro\Security Agent\dlplite\System32\drivers\sakfile.sys] to [C:\Windows\system32\drivers\sakfile.sys]
(05924) 07/15/2023 01:38:36.532 Dtool> Info: ==> CreateService(SAKFile,00000000)
(05924) 07/15/2023 01:38:36.533 Dtool> Info: startService> start SAKFile, do not check signature
(05924) 07/15/2023 01:38:36.555 Dtool> Info: Remove [C:\Windows\system32\drivers\dlpnetfltr.sys]
(05924) 07/15/2023 01:38:36.555 Dtool> Info: Remove [C:\Windows\system32\drivers\sakcd.sys]
(05924) 07/15/2023 01:38:36.555 Dtool> Info: Driver push success!
(05924) 07/15/2023 01:38:36.555 Dtool> Info: DtoolManipulateDriverForDAC success!!!!
(05924) 07/15/2023 01:38:36.555 Dtool> Info: dg_push_agent installed service
(05924) 07/15/2023 01:38:36.555 Dtool> Info: [TmDlpeInstallAgent] ====== Install success! (path=C:\Program Files (x86)\Trend Micro\Security Agent\dlplite\System32\) ====== @pasdk.cpp(2142)
(05924) 07/15/2023 01:38:36.555 Dtool> Info: [Reboot Copy] file : \??\C:\Program Files\Waves\IntelOpenVINO\plugins.xml_
(05924) 07/15/2023 01:38:36.555 Dtool> Info: [Reboot Copy] file : 
(05924) 07/15/2023 01:38:36.555 Dtool> Info: [Reboot Copy] file : \??\C:\Program Files\Waves\IntelOpenVINO_\plugins.xml__
(05924) 07/15/2023 01:38:36.555 Dtool> Info: [Reboot Copy] file : 
(05924) 07/15/2023 01:38:36.555 Dtool> Info: [Reboot Copy] file : \??\C:\Program Files\Waves\IntelOpenVINO__
(05924) 07/15/2023 01:38:36.555 Dtool> Info: [Reboot Copy] file : 
(05924) 07/15/2023 01:38:36.555 Dtool> Info: [Reboot Copy] file : 
(05924) 07/15/2023 01:38:36.575 Dtool> Info: Remove [C:\Windows\system32\logger.cfg]
(07088) 07/26/2023 11:22:14.041 TmDlpUpdate> Info: InitGlobalVars()@ln:991> Get package path = "C:\Program Files (x86)\Trend Micro\Security Agent\dlplite\hotfix\"
(07088) 07/26/2023 11:22:14.042 TmDlpUpdate> Info: InitGlobalVars()@ln:998> Get ini path = "C:\Program Files (x86)\Trend Micro\Security Agent\dlplite\hotfix\dgPatch.ini"
(07088) 07/26/2023 11:22:14.042 TmDlpUpdate> Info: InitGlobalVars()@ln:1012> Get win dir = "C:\Windows", Set working dir = "C:\Program Files (x86)\Trend Micro\Security Agent\dlplite\hotfix\x64"
(07088) 07/26/2023 11:22:14.042 TmDlpUpdate> Info: InitGlobalVars()@ln:1014> Reading dgpatch.ini...
(07088) 07/26/2023 11:22:14.042 TmDlpUpdate> Info: InitGlobalVars()@ln:1018> g_strWorkingDirectoryEx = <C:\Program Files (x86)\Trend Micro\Security Agent\dlplite\hotfix\x64>
(07088) 07/26/2023 11:22:14.042 TmDlpUpdate> Info: InitGlobalVars()@ln:1019> g_strDgPatchIniPathEx = <C:\Program Files (x86)\Trend Micro\Security Agent\dlplite\hotfix\dgPatch.ini>
(07088) 07/26/2023 11:22:14.042 TmDlpUpdate> Info: InitGlobalVars()@ln:1020> g_strWinDirEx = <C:\Windows>
(07088) 07/26/2023 11:22:14.043 TmDlpUpdate> Info: InitSourcePackage()@ln:935> Package full path = <C:\Program Files (x86)\Trend Micro\Security Agent\dlplite\hotfix\>, Windows root full path = <C:\Windows> => Copy to DLP Hotfix Repository = <0>
(07088) 07/26/2023 11:22:14.043 TmDlpUpdate> Info: [stopDLPService] Stop DLP service <Discsvc>! @tmdlpupdate.cpp(1119)
(07088) 07/26/2023 11:22:14.043 TmDlpUpdate> Info: [stopDLPService] Service <Discsvc> already stopped! No action can be done! @tmdlpupdate.cpp(1141)
(07088) 07/26/2023 11:22:14.043 TmDlpUpdate> Info: [stopDLPService] Stop DLP service <DSASvc>! @tmdlpupdate.cpp(1119)
(07088) 07/26/2023 11:22:14.043 TmDlpUpdate> Info: isServiceRunning()@ln:627> Service [DSASvc] was stopped.
(07088) 07/26/2023 11:22:14.043 TmDlpUpdate> Info: [stopDLPService] Service <DSASvc> already stopped! No action can be done! @tmdlpupdate.cpp(1141)
(07088) 07/26/2023 11:22:14.051 Dtool> Info: Total Processes Number 294
(07088) 07/26/2023 11:22:14.071 TmDlpUpdate> Err : [stopDLPService] Kill ShowMsg.exe failed! @tmdlpupdate.cpp(1149)
(07088) 07/26/2023 11:22:14.072 Dtool> Err : path : C:\Windows\system32\dgagent\SDKDevCtrl.typ
(07088) 07/26/2023 11:22:14.072 TmDlpUpdate> Info: SlimPackageForDC()@ln:898> Delete file [C:\Program Files (x86)\Trend Micro\Security Agent\dlplite\hotfix\x64\system32\ApiHookStub.x64.dll]
(07088) 07/26/2023 11:22:14.073 TmDlpUpdate> Info: SlimPackageForDC()@ln:898> Delete file [C:\Program Files (x86)\Trend Micro\Security Agent\dlplite\hotfix\x64\system32\dlpexaddin.x64.dll]
(07088) 07/26/2023 11:22:14.074 TmDlpUpdate> Info: SlimPackageForDC()@ln:898> Delete file [C:\Program Files (x86)\Trend Micro\Security Agent\dlplite\hotfix\x64\system32\dlphook.x64.dll]
(07088) 07/26/2023 11:22:14.075 TmDlpUpdate> Info: SlimPackageForDC()@ln:898> Delete file [C:\Program Files (x86)\Trend Micro\Security Agent\dlplite\hotfix\x64\system32\drivers\dlpnetfltr.sys]
(07088) 07/26/2023 11:22:14.076 TmDlpUpdate> Info: SlimPackageForDC()@ln:898> Delete file [C:\Program Files (x86)\Trend Micro\Security Agent\dlplite\hotfix\x64\system32\drivers\sakcd.sys]
(07088) 07/26/2023 11:22:14.076 TmDlpUpdate> Info: SlimPackageForDC()@ln:905> Delete files under directory [C:\Program Files (x86)\Trend Micro\Security Agent\dlplite\hotfix\x64\SysWOW64]
(07088) 07/26/2023 11:22:14.077 Dtool> Info: Remove [C:\Program Files (x86)\Trend Micro\Security Agent\dlplite\hotfix\x64\SysWOW64\apihookstub.x86.dll]
(07088) 07/26/2023 11:22:14.077 Dtool> Info: Remove [C:\Program Files (x86)\Trend Micro\Security Agent\dlplite\hotfix\x64\SysWOW64\dlpexaddin.x86.dll]
(07088) 07/26/2023 11:22:14.078 Dtool> Info: Remove [C:\Program Files (x86)\Trend Micro\Security Agent\dlplite\hotfix\x64\SysWOW64\dlphook.x86.dll]
(07088) 07/26/2023 11:22:14.078 Dtool> Info: Remove [C:\Program Files (x86)\Trend Micro\Security Agent\dlplite\hotfix\x64\SysWOW64\dlp_utils.dll]
(07088) 07/26/2023 11:22:14.078 Dtool> Info: Remove [C:\Program Files (x86)\Trend Micro\Security Agent\dlplite\hotfix\x64\SysWOW64\immessagehook.dll]
(07088) 07/26/2023 11:22:14.079 Dtool> Info: Remove [C:\Program Files (x86)\Trend Micro\Security Agent\dlplite\hotfix\x64\SysWOW64\nmem.dll]
(07088) 07/26/2023 11:22:14.079 Dtool> Info: Remove [C:\Program Files (x86)\Trend Micro\Security Agent\dlplite\hotfix\x64\SysWOW64\showmix.dll]
(07088) 07/26/2023 11:22:14.085 TmDlpUpdate> Info: checkUpdatePackage()@ln:1106> File [C:\Program Files (x86)\Trend Micro\Security Agent\dlplite\hotfix\x64\system32\drivers\sakfile.sys] no need update, remove it
(07088) 07/26/2023 11:22:14.086 TmDlpUpdate> Info: [TmDlpeUpdateAgentEx] Datfhs Path C:\Program Files (x86)\Trend Micro\Security Agent\DatFHS.dll, @tmdlpupdate.cpp(1361)
(07088) 07/26/2023 11:22:14.089 TmDlpUpdate> Info: [TrustCertMgr::CheckDLPBinaryIssuerForOneFile] Check file [C:\Program Files (x86)\Trend Micro\Security Agent\dlplite\hotfix\\x64\system32\dgagent\7z.dll], Version[18.5.0.0]  @trustcertmgr.cpp(714)
(07088) 07/26/2023 11:22:14.103 TmDlpUpdate> Info: [TrustCertMgr::CheckDLPBinaryIssuerForOneFile] Check file [C:\Program Files (x86)\Trend Micro\Security Agent\dlplite\hotfix\\x64\system32\dgagent\7z.exe], Version[18.5.0.0]  @trustcertmgr.cpp(714)
(07088) 07/26/2023 11:22:14.113 TmDlpUpdate> Info: [TrustCertMgr::CheckDLPBinaryIssuerForOneFile] Check file [C:\Program Files (x86)\Trend Micro\Security Agent\dlplite\hotfix\\x64\system32\dgagent\apihookstub.x64.dll], Version[6.2.0.5183]  @trustcertmgr.cpp(714)
(07088) 07/26/2023 11:22:14.121 TmDlpUpdate> Info: [TrustCertMgr::CheckDLPBinaryIssuerForOneFile] Check file [C:\Program Files (x86)\Trend Micro\Security Agent\dlplite\hotfix\\x64\system32\dgagent\archive_7z.dll], Version[6.2.0.5183]  @trustcertmgr.cpp(714)
(07088) 07/26/2023 11:22:14.129 TmDlpUpdate> Info: [TrustCertMgr::CheckDLPBinaryIssuerForOneFile] Check file [C:\Program Files (x86)\Trend Micro\Security Agent\dlplite\hotfix\\x64\system32\dgagent\archive_vsapi.dll], Version[6.2.0.5183]  @trustcertmgr.cpp(714)
(07088) 07/26/2023 11:22:14.137 TmDlpUpdate> Info: [TrustCertMgr::CheckDLPBinaryIssuerForOneFile] Check file [C:\Program Files (x86)\Trend Micro\Security Agent\dlplite\hotfix\\x64\system32\dgagent\cme_vxe_dll.dll], Version[6.2.0.5221]  @trustcertmgr.cpp(714)
(07088) 07/26/2023 11:22:14.148 TmDlpUpdate> Info: [TrustCertMgr::CheckDLPBinaryIssuerForOneFile] Check file [C:\Program Files (x86)\Trend Micro\Security Agent\dlplite\hotfix\\x64\system32\dgagent\datadiscovery.exe], Version[6.2.0.5240]  @trustcertmgr.cpp(714)
(07088) 07/26/2023 11:22:14.172 TmDlpUpdate> Info: [TrustCertMgr::CheckDLPBinaryIssuerForOneFile] Check file [C:\Program Files (x86)\Trend Micro\Security Agent\dlplite\hotfix\\x64\system32\dgagent\dgagent\showmsg.exe], Version[6.2.0.5240]  @trustcertmgr.cpp(714)
(07088) 07/26/2023 11:22:14.190 TmDlpUpdate> Info: [TrustCertMgr::CheckDLPBinaryIssuerForOneFile] Check file [C:\Program Files (x86)\Trend Micro\Security Agent\dlplite\hotfix\\x64\system32\dgagent\dlpconverter_dt.dll], Version[6.2.0.5240]  @trustcertmgr.cpp(714)
(07088) 07/26/2023 11:22:14.199 TmDlpUpdate> Info: [TrustCertMgr::CheckDLPBinaryIssuerForOneFile] Check file [C:\Program Files (x86)\Trend Micro\Security Agent\dlplite\hotfix\\x64\system32\dgagent\dlpdrvif.dll], Version[6.2.0.5240]  @trustcertmgr.cpp(714)
(07088) 07/26/2023 11:22:14.209 TmDlpUpdate> Info: [TrustCertMgr::CheckDLPBinaryIssuerForOneFile] Check file [C:\Program Files (x86)\Trend Micro\Security Agent\dlplite\hotfix\\x64\system32\dgagent\dlpexaddin.x64.dll], Version[6.2.0.5183]  @trustcertmgr.cpp(714)
(07088) 07/26/2023 11:22:14.222 TmDlpUpdate> Info: [TrustCertMgr::CheckDLPBinaryIssuerForOneFile] Check file [C:\Program Files (x86)\Trend Micro\Security Agent\dlplite\hotfix\\x64\system32\dgagent\dlphook.x64.dll], Version[6.2.0.5227]  @trustcertmgr.cpp(714)
(07088) 07/26/2023 11:22:14.254 TmDlpUpdate> Info: [TrustCertMgr::CheckDLPBinaryIssuerForOneFile] Check file [C:\Program Files (x86)\Trend Micro\Security Agent\dlplite\hotfix\\x64\system32\dgagent\dlpwpdfltr\dlpwpdfltr.sys], Version[6.2.0.5227]  @trustcertmgr.cpp(714)
(07088) 07/26/2023 11:22:14.279 TmDlpUpdate> Info: [TrustCertMgr::CheckDLPBinaryIssuerForOneFile] Check file [C:\Program Files (x86)\Trend Micro\Security Agent\dlplite\hotfix\\x64\system32\dgagent\dlp_telemetry.dll], Version[6.2.0.5183]  @trustcertmgr.cpp(714)
(07088) 07/26/2023 11:22:14.286 TmDlpUpdate> Info: [TrustCertMgr::CheckDLPBinaryIssuerForOneFile] Check file [C:\Program Files (x86)\Trend Micro\Security Agent\dlplite\hotfix\\x64\system32\dgagent\dlp_utils.dll], Version[6.2.0.5240]  @trustcertmgr.cpp(714)
(07088) 07/26/2023 11:22:14.302 TmDlpUpdate> Info: [TrustCertMgr::CheckDLPBinaryIssuerForOneFile] Check file [C:\Program Files (x86)\Trend Micro\Security Agent\dlplite\hotfix\\x64\system32\dgagent\dsagent.exe], Version[6.2.0.5247]  @trustcertmgr.cpp(714)
(07088) 07/26/2023 11:22:14.336 TmDlpUpdate> Info: [TrustCertMgr::CheckDLPBinaryIssuerForOneFile] Check file [C:\Program Files (x86)\Trend Micro\Security Agent\dlplite\hotfix\\x64\system32\dgagent\dtoop.exe], Version[6.2.0.5240]  @trustcertmgr.cpp(714)
(07088) 07/26/2023 11:22:14.345 TmDlpUpdate> Info: [TrustCertMgr::CheckDLPBinaryIssuerForOneFile] Check file [C:\Program Files (x86)\Trend Micro\Security Agent\dlplite\hotfix\\x64\system32\dgagent\immessagehook.dll], Version[6.2.0.5183]  @trustcertmgr.cpp(714)
(07088) 07/26/2023 11:22:14.354 TmDlpUpdate> Info: [TrustCertMgr::CheckDLPBinaryIssuerForOneFile] Check file [C:\Program Files (x86)\Trend Micro\Security Agent\dlplite\hotfix\\x64\system32\dgagent\inetftpparser.dll], Version[6.2.0.5240]  @trustcertmgr.cpp(714)
(07088) 07/26/2023 11:22:14.366 TmDlpUpdate> Info: [TrustCertMgr::CheckDLPBinaryIssuerForOneFile] Check file [C:\Program Files (x86)\Trend Micro\Security Agent\dlplite\hotfix\\x64\system32\dgagent\inethttpparser.dll], Version[6.2.0.5240]  @trustcertmgr.cpp(714)
(07088) 07/26/2023 11:22:14.380 TmDlpUpdate> Info: [TrustCertMgr::CheckDLPBinaryIssuerForOneFile] Check file [C:\Program Files (x86)\Trend Micro\Security Agent\dlplite\hotfix\\x64\system32\dgagent\inetrapiparser.dll], Version[6.2.0.5240]  @trustcertmgr.cpp(714)
(07088) 07/26/2023 11:22:14.392 TmDlpUpdate> Info: [TrustCertMgr::CheckDLPBinaryIssuerForOneFile] Check file [C:\Program Files (x86)\Trend Micro\Security Agent\dlplite\hotfix\\x64\system32\dgagent\inetsmtpparser.dll], Version[6.2.0.5240]  @trustcertmgr.cpp(714)
(07088) 07/26/2023 11:22:14.405 TmDlpUpdate> Info: [TrustCertMgr::CheckDLPBinaryIssuerForOneFile] Check file [C:\Program Files (x86)\Trend Micro\Security Agent\dlplite\hotfix\\x64\system32\dgagent\inetsyncfile.dll], Version[6.2.0.5240]  @trustcertmgr.cpp(714)
(07088) 07/26/2023 11:22:14.418 TmDlpUpdate> Info: [TrustCertMgr::CheckDLPBinaryIssuerForOneFile] Check file [C:\Program Files (x86)\Trend Micro\Security Agent\dlplite\hotfix\\x64\system32\dgagent\listdeviceinfo.exe], Version[6.2.0.5183]  @trustcertmgr.cpp(714)
(07088) 07/26/2023 11:22:14.435 TmDlpUpdate> Info: [TrustCertMgr::CheckDLPBinaryIssuerForOneFile] Check file [C:\Program Files (x86)\Trend Micro\Security Agent\dlplite\hotfix\\x64\system32\dgagent\nmem.dll], Version[6.2.0.5221]  @trustcertmgr.cpp(714)
(07088) 07/26/2023 11:22:14.444 TmDlpUpdate> Info: [TrustCertMgr::CheckDLPBinaryIssuerForOneFile] Check file [C:\Program Files (x86)\Trend Micro\Security Agent\dlplite\hotfix\\x64\system32\dgagent\removeworkingdirectory.exe], Version[6.2.0.5183]  @trustcertmgr.cpp(714)
(07088) 07/26/2023 11:22:14.455 TmDlpUpdate> Info: [TrustCertMgr::CheckDLPBinaryIssuerForOneFile] Check file [C:\Program Files (x86)\Trend Micro\Security Agent\dlplite\hotfix\\x64\system32\dgagent\showmsg.exe], Version[6.2.0.5240]  @trustcertmgr.cpp(714)
(07088) 07/26/2023 11:22:14.472 TmDlpUpdate> Info: [TrustCertMgr::CheckDLPBinaryIssuerForOneFile] Check file [C:\Program Files (x86)\Trend Micro\Security Agent\dlplite\hotfix\\x64\system32\dgagent\tmdevctrl.dll], Version[6.2.0.5247]  @trustcertmgr.cpp(714)
(07088) 07/26/2023 11:22:14.481 TmDlpUpdate> Info: [TrustCertMgr::CheckDLPBinaryIssuerForOneFile] Check file [C:\Program Files (x86)\Trend Micro\Security Agent\dlplite\hotfix\\x64\system32\dgagent\tmdsmengine.dll], Version[6.2.0.5183]  @trustcertmgr.cpp(714)
(07088) 07/26/2023 11:22:14.490 TmDlpUpdate> Info: [TrustCertMgr::CheckDLPBinaryIssuerForOneFile] Check file [C:\Program Files (x86)\Trend Micro\Security Agent\dlplite\hotfix\\x64\system32\dgagent\upgradecleaner.exe], Version[6.2.0.5183]  @trustcertmgr.cpp(714)
(07088) 07/26/2023 11:22:14.500 TmDlpUpdate> Info: [TrustCertMgr::CheckDLPBinaryIssuerForOneFile] Check file [C:\Program Files (x86)\Trend Micro\Security Agent\dlplite\hotfix\\x64\system32\dlp_utils.dll], Version[6.2.0.5240]  @trustcertmgr.cpp(714)
(07088) 07/26/2023 11:22:14.508 TmDlpUpdate> Info: [TrustCertMgr::CheckDLPBinaryIssuerForOneFile] Check file [C:\Program Files (x86)\Trend Micro\Security Agent\dlplite\hotfix\\x64\system32\immessagehook.dll], Version[6.2.0.5183]  @trustcertmgr.cpp(714)
(07088) 07/26/2023 11:22:14.520 TmDlpUpdate> Info: [TrustCertMgr::CheckDLPBinaryIssuerForOneFile] Check file [C:\Program Files (x86)\Trend Micro\Security Agent\dlplite\hotfix\\x64\system32\showmsg.exe], Version[6.2.0.5240]  @trustcertmgr.cpp(714)
(07088) 07/26/2023 11:22:14.538 TmDlpUpdate> Info: [TmDlpeUpdateAgentEx] Copy files... @tmdlpupdate.cpp(1371)
(07088) 07/26/2023 11:22:14.543 Dtool> Info: Copy [C:\Program Files (x86)\Trend Micro\Security Agent\dlplite\hotfix\x64\system32\dgagent\7z.dll] to [C:\Windows\system32\dgagent\7z.dll]
(07088) 07/26/2023 11:22:14.547 Dtool> Info: Copy [C:\Program Files (x86)\Trend Micro\Security Agent\dlplite\hotfix\x64\system32\dgagent\7z.exe] to [C:\Windows\system32\dgagent\7z.exe]
(07088) 07/26/2023 11:22:14.548 Dtool> Info: Copy [C:\Program Files (x86)\Trend Micro\Security Agent\dlplite\hotfix\x64\system32\dgagent\apihookstub.x64.dll] to [C:\Windows\system32\dgagent\apihookstub.x64.dll]
(07088) 07/26/2023 11:22:14.550 Dtool> Info: Copy [C:\Program Files (x86)\Trend Micro\Security Agent\dlplite\hotfix\x64\system32\dgagent\archive_7z.dll] to [C:\Windows\system32\dgagent\archive_7z.dll]
(07088) 07/26/2023 11:22:14.552 Dtool> Info: Copy [C:\Program Files (x86)\Trend Micro\Security Agent\dlplite\hotfix\x64\system32\dgagent\archive_vsapi.dll] to [C:\Windows\system32\dgagent\archive_vsapi.dll]
(07088) 07/26/2023 11:22:14.553 Dtool> Info: Copy [C:\Program Files (x86)\Trend Micro\Security Agent\dlplite\hotfix\x64\system32\dgagent\browser_pattern.xml] to [C:\Windows\system32\dgagent\browser_pattern.xml]
(07088) 07/26/2023 11:22:14.555 Dtool> Info: Copy [C:\Program Files (x86)\Trend Micro\Security Agent\dlplite\hotfix\x64\system32\dgagent\cme_vxe_dll.dll] to [C:\Windows\system32\dgagent\cme_vxe_dll.dll]
(07088) 07/26/2023 11:22:14.557 Dtool> Info: Copy [C:\Program Files (x86)\Trend Micro\Security Agent\dlplite\hotfix\x64\system32\dgagent\converter.pro] to [C:\Windows\system32\dgagent\converter.pro]
(07088) 07/26/2023 11:22:14.559 Dtool> Info: Copy [C:\Program Files (x86)\Trend Micro\Security Agent\dlplite\hotfix\x64\system32\dgagent\datadiscovery.exe] to [C:\Windows\system32\dgagent\datadiscovery.exe]
(07088) 07/26/2023 11:22:14.566 Dtool> Info: Copy [C:\Program Files (x86)\Trend Micro\Security Agent\dlplite\hotfix\x64\system32\dgagent\dgagent\showmsg.exe] to [C:\Windows\system32\dgagent\dgagent\showmsg.exe]
(07088) 07/26/2023 11:22:14.572 Dtool> Info: Copy [C:\Program Files (x86)\Trend Micro\Security Agent\dlplite\hotfix\x64\system32\dgagent\dlpconverter_dt.dll] to [C:\Windows\system32\dgagent\dlpconverter_dt.dll]
(07088) 07/26/2023 11:22:14.574 Dtool> Info: Copy [C:\Program Files (x86)\Trend Micro\Security Agent\dlplite\hotfix\x64\system32\dgagent\dlpdrvif.dll] to [C:\Windows\system32\dgagent\dlpdrvif.dll]
(07088) 07/26/2023 11:22:14.577 Dtool> Info: Copy [C:\Program Files (x86)\Trend Micro\Security Agent\dlplite\hotfix\x64\system32\dgagent\dlpexaddin.x64.dll] to [C:\Windows\system32\dgagent\dlpexaddin.x64.dll]
(07088) 07/26/2023 11:22:14.580 Dtool> Info: Copy [C:\Program Files (x86)\Trend Micro\Security Agent\dlplite\hotfix\x64\system32\dgagent\dlphook.x64.dll] to [C:\Windows\system32\dgagent\dlphook.x64.dll]
(07088) 07/26/2023 11:22:14.583 Dtool> Info: Copy [C:\Program Files (x86)\Trend Micro\Security Agent\dlplite\hotfix\x64\system32\dgagent\dlpwpdfltr\dlpwpdfltr.cat] to [C:\Windows\system32\dgagent\dlpwpdfltr\dlpwpdfltr.cat]
(07088) 07/26/2023 11:22:14.584 Dtool> Info: Copy [C:\Program Files (x86)\Trend Micro\Security Agent\dlplite\hotfix\x64\system32\dgagent\dlpwpdfltr\dlpwpdfltr.inf] to [C:\Windows\system32\dgagent\dlpwpdfltr\dlpwpdfltr.inf]
(07088) 07/26/2023 11:22:14.586 Dtool> Info: Copy [C:\Program Files (x86)\Trend Micro\Security Agent\dlplite\hotfix\x64\system32\dgagent\dlpwpdfltr\dlpwpdfltr.sys] to [C:\Windows\system32\dgagent\dlpwpdfltr\dlpwpdfltr.sys]
(07088) 07/26/2023 11:22:14.587 Dtool> Info: Copy [C:\Program Files (x86)\Trend Micro\Security Agent\dlplite\hotfix\x64\system32\dgagent\dlp_telemetry.dll] to [C:\Windows\system32\dgagent\dlp_telemetry.dll]
(07088) 07/26/2023 11:22:14.589 Dtool> Info: Copy [C:\Program Files (x86)\Trend Micro\Security Agent\dlplite\hotfix\x64\system32\dgagent\dlp_utils.dll] to [C:\Windows\system32\dgagent\dlp_utils.dll]
(07088) 07/26/2023 11:22:14.591 Dtool> Info: Copy [C:\Program Files (x86)\Trend Micro\Security Agent\dlplite\hotfix\x64\system32\dgagent\dsagent.exe] to [C:\Windows\system32\dgagent\dsagent.exe]
(07088) 07/26/2023 11:22:14.602 Dtool> Info: Copy [C:\Program Files (x86)\Trend Micro\Security Agent\dlplite\hotfix\x64\system32\dgagent\dtoop.exe] to [C:\Windows\system32\dgagent\dtoop.exe]
(07088) 07/26/2023 11:22:14.603 Dtool> Info: Copy [C:\Program Files (x86)\Trend Micro\Security Agent\dlplite\hotfix\x64\system32\dgagent\immessagehook.dll] to [C:\Windows\system32\dgagent\immessagehook.dll]
(07088) 07/26/2023 11:22:14.605 Dtool> Info: Copy [C:\Program Files (x86)\Trend Micro\Security Agent\dlplite\hotfix\x64\system32\dgagent\inetftpparser.dll] to [C:\Windows\system32\dgagent\inetftpparser.dll]
(07088) 07/26/2023 11:22:14.608 Dtool> Info: Copy [C:\Program Files (x86)\Trend Micro\Security Agent\dlplite\hotfix\x64\system32\dgagent\inethttpparser.dll] to [C:\Windows\system32\dgagent\inethttpparser.dll]
(07088) 07/26/2023 11:22:14.611 Dtool> Info: Copy [C:\Program Files (x86)\Trend Micro\Security Agent\dlplite\hotfix\x64\system32\dgagent\inetrapiparser.dll] to [C:\Windows\system32\dgagent\inetrapiparser.dll]
(07088) 07/26/2023 11:22:14.614 Dtool> Info: Copy [C:\Program Files (x86)\Trend Micro\Security Agent\dlplite\hotfix\x64\system32\dgagent\inetsmtpparser.dll] to [C:\Windows\system32\dgagent\inetsmtpparser.dll]
(07088) 07/26/2023 11:22:14.617 Dtool> Info: Copy [C:\Program Files (x86)\Trend Micro\Security Agent\dlplite\hotfix\x64\system32\dgagent\inetsyncfile.dll] to [C:\Windows\system32\dgagent\inetsyncfile.dll]
(07088) 07/26/2023 11:22:14.620 Dtool> Info: Copy [C:\Program Files (x86)\Trend Micro\Security Agent\dlplite\hotfix\x64\system32\dgagent\listdeviceinfo.exe] to [C:\Windows\system32\dgagent\listdeviceinfo.exe]
(07088) 07/26/2023 11:22:14.625 Dtool> Info: Copy [C:\Program Files (x86)\Trend Micro\Security Agent\dlplite\hotfix\x64\system32\dgagent\nmem.dll] to [C:\Windows\system32\dgagent\nmem.dll]
(07088) 07/26/2023 11:22:14.627 Dtool> Info: Copy [C:\Program Files (x86)\Trend Micro\Security Agent\dlplite\hotfix\x64\system32\dgagent\removeworkingdirectory.exe] to [C:\Windows\system32\dgagent\removeworkingdirectory.exe]
(07088) 07/26/2023 11:22:14.629 Dtool> Info: Copy [C:\Program Files (x86)\Trend Micro\Security Agent\dlplite\hotfix\x64\system32\dgagent\showmsg.exe] to [C:\Windows\system32\dgagent\showmsg.exe]
(07088) 07/26/2023 11:22:14.634 Dtool> Info: Copy [C:\Program Files (x86)\Trend Micro\Security Agent\dlplite\hotfix\x64\system32\dgagent\tmdevctrl.dll] to [C:\Windows\system32\dgagent\tmdevctrl.dll]
(07088) 07/26/2023 11:22:14.635 Dtool> Info: Skip copy tmdlpe.ptn
(07088) 07/26/2023 11:22:14.636 Dtool> Info: Copy [C:\Program Files (x86)\Trend Micro\Security Agent\dlplite\hotfix\x64\system32\dgagent\tmdsmengine.dll] to [C:\Windows\system32\dgagent\tmdsmengine.dll]
(07088) 07/26/2023 11:22:14.637 Dtool> Info: Copy [C:\Program Files (x86)\Trend Micro\Security Agent\dlplite\hotfix\x64\system32\dgagent\tmpeenum.xml] to [C:\Windows\system32\dgagent\tmpeenum.xml]
(07088) 07/26/2023 11:22:14.639 Dtool> Info: Copy [C:\Program Files (x86)\Trend Micro\Security Agent\dlplite\hotfix\x64\system32\dgagent\upgradecleaner.exe] to [C:\Windows\system32\dgagent\upgradecleaner.exe]
(07088) 07/26/2023 11:22:14.640 Dtool> Info: Copy [C:\Program Files (x86)\Trend Micro\Security Agent\dlplite\hotfix\x64\system32\dlp_utils.dll] to [C:\Windows\system32\dlp_utils.dll]
(07088) 07/26/2023 11:22:14.641 Dtool> Info: Copy [C:\Program Files (x86)\Trend Micro\Security Agent\dlplite\hotfix\x64\system32\immessagehook.dll] to [C:\Windows\system32\immessagehook.dll]
(07088) 07/26/2023 11:22:14.643 Dtool> Info: Copy [C:\Program Files (x86)\Trend Micro\Security Agent\dlplite\hotfix\x64\system32\showmsg.exe] to [C:\Windows\system32\showmsg.exe]
(07088) 07/26/2023 11:22:14.648 TmDlpUpdate> Info: [TmDlpeUpdateAgentEx] Copy files success!! @tmdlpupdate.cpp(1379)
(07088) 07/26/2023 11:22:14.648 TmDlpUpdate> Info: [updateWPDDriver] No need to update dlpwpdfltr driver!! @tmdlpupdate.cpp(1254)
(07088) 07/26/2023 11:22:14.648 Dtool> Err : path : C:\Windows\system32\dgagent\SDKDevCtrl.typ
(07088) 07/26/2023 11:22:14.649 TmDlpUpdate> Info: [updateServiceDependency] Add driver dependency to DSAsvc success!! @tmdlpupdate.cpp(1271)
(07088) 07/26/2023 11:22:14.649 TmDlpUpdate> Info: isServiceRunning()@ln:622> Service [SAKFile] was running, state:[4].
(07088) 07/26/2023 11:22:14.650 Dtool> Info: [Reboot Copy] file : \??\C:\Program Files (x86)\Microsoft\Edge\Temp\scoped_dir19624_628367947\old_msedge.exe
(07088) 07/26/2023 11:22:14.650 Dtool> Info: [Reboot Copy] file : 
(07088) 07/26/2023 11:22:14.650 Dtool> Info: [Reboot Copy] file : \??\C:\Program Files (x86)\Microsoft\Edge\Temp\scoped_dir19624_628367947
(07088) 07/26/2023 11:22:14.650 Dtool> Info: [Reboot Copy] file : 
(07088) 07/26/2023 11:22:14.650 Dtool> Info: [Reboot Copy] file : \??\C:\Program Files (x86)\Microsoft\Edge\Temp
(07088) 07/26/2023 11:22:14.650 Dtool> Info: [Reboot Copy] file : 
(07088) 07/26/2023 11:22:14.650 Dtool> Info: [Reboot Copy] file : \??\C:\Windows\Temp\32022f5c-3dfa-426f-b67b-81fb48ed0458.tmp
(07088) 07/26/2023 11:22:14.650 Dtool> Info: [Reboot Copy] file : 
(07088) 07/26/2023 11:22:14.650 Dtool> Info: [Reboot Copy] file : 
(08032) 08/16/2023 09:31:35.927 TmDlpUpdate> Info: InitGlobalVars()@ln:991> Get package path = "C:\Program Files (x86)\Trend Micro\Security Agent\dlplite\hotfix\"
(08032) 08/16/2023 09:31:35.927 TmDlpUpdate> Info: InitGlobalVars()@ln:998> Get ini path = "C:\Program Files (x86)\Trend Micro\Security Agent\dlplite\hotfix\dgPatch.ini"
(08032) 08/16/2023 09:31:35.927 TmDlpUpdate> Info: InitGlobalVars()@ln:1012> Get win dir = "C:\Windows", Set working dir = "C:\Program Files (x86)\Trend Micro\Security Agent\dlplite\hotfix\x64"
(08032) 08/16/2023 09:31:35.927 TmDlpUpdate> Info: InitGlobalVars()@ln:1014> Reading dgpatch.ini...
(08032) 08/16/2023 09:31:35.928 TmDlpUpdate> Info: InitGlobalVars()@ln:1018> g_strWorkingDirectoryEx = <C:\Program Files (x86)\Trend Micro\Security Agent\dlplite\hotfix\x64>
(08032) 08/16/2023 09:31:35.928 TmDlpUpdate> Info: InitGlobalVars()@ln:1019> g_strDgPatchIniPathEx = <C:\Program Files (x86)\Trend Micro\Security Agent\dlplite\hotfix\dgPatch.ini>
(08032) 08/16/2023 09:31:35.928 TmDlpUpdate> Info: InitGlobalVars()@ln:1020> g_strWinDirEx = <C:\Windows>
(08032) 08/16/2023 09:31:35.928 TmDlpUpdate> Info: InitSourcePackage()@ln:935> Package full path = <C:\Program Files (x86)\Trend Micro\Security Agent\dlplite\hotfix\>, Windows root full path = <C:\Windows> => Copy to DLP Hotfix Repository = <0>
(08032) 08/16/2023 09:31:35.928 TmDlpUpdate> Info: [stopDLPService] Stop DLP service <Discsvc>! @tmdlpupdate.cpp(1119)
(08032) 08/16/2023 09:31:35.929 TmDlpUpdate> Info: [stopDLPService] Service <Discsvc> already stopped! No action can be done! @tmdlpupdate.cpp(1141)
(08032) 08/16/2023 09:31:35.929 TmDlpUpdate> Info: [stopDLPService] Stop DLP service <DSASvc>! @tmdlpupdate.cpp(1119)
(08032) 08/16/2023 09:31:35.929 TmDlpUpdate> Info: isServiceRunning()@ln:627> Service [DSASvc] was stopped.
(08032) 08/16/2023 09:31:35.929 TmDlpUpdate> Info: [stopDLPService] Service <DSASvc> already stopped! No action can be done! @tmdlpupdate.cpp(1141)
(08032) 08/16/2023 09:31:35.938 Dtool> Info: Total Processes Number 248
(08032) 08/16/2023 09:31:35.957 TmDlpUpdate> Err : [stopDLPService] Kill ShowMsg.exe failed! @tmdlpupdate.cpp(1149)
(08032) 08/16/2023 09:31:35.957 Dtool> Err : path : C:\Windows\system32\dgagent\SDKDevCtrl.typ
(08032) 08/16/2023 09:31:35.957 TmDlpUpdate> Info: SlimPackageForDC()@ln:898> Delete file [C:\Program Files (x86)\Trend Micro\Security Agent\dlplite\hotfix\x64\system32\ApiHookStub.x64.dll]
(08032) 08/16/2023 09:31:35.958 TmDlpUpdate> Info: SlimPackageForDC()@ln:898> Delete file [C:\Program Files (x86)\Trend Micro\Security Agent\dlplite\hotfix\x64\system32\dlpexaddin.x64.dll]
(08032) 08/16/2023 09:31:35.958 TmDlpUpdate> Info: SlimPackageForDC()@ln:898> Delete file [C:\Program Files (x86)\Trend Micro\Security Agent\dlplite\hotfix\x64\system32\dlphook.x64.dll]
(08032) 08/16/2023 09:31:35.959 TmDlpUpdate> Info: SlimPackageForDC()@ln:898> Delete file [C:\Program Files (x86)\Trend Micro\Security Agent\dlplite\hotfix\x64\system32\drivers\dlpnetfltr.sys]
(08032) 08/16/2023 09:31:35.959 TmDlpUpdate> Info: SlimPackageForDC()@ln:898> Delete file [C:\Program Files (x86)\Trend Micro\Security Agent\dlplite\hotfix\x64\system32\drivers\sakcd.sys]
(08032) 08/16/2023 09:31:35.959 TmDlpUpdate> Info: SlimPackageForDC()@ln:905> Delete files under directory [C:\Program Files (x86)\Trend Micro\Security Agent\dlplite\hotfix\x64\SysWOW64]
(08032) 08/16/2023 09:31:35.960 Dtool> Info: Remove [C:\Program Files (x86)\Trend Micro\Security Agent\dlplite\hotfix\x64\SysWOW64\apihookstub.x86.dll]
(08032) 08/16/2023 09:31:35.960 Dtool> Info: Remove [C:\Program Files (x86)\Trend Micro\Security Agent\dlplite\hotfix\x64\SysWOW64\dlpexaddin.x86.dll]
(08032) 08/16/2023 09:31:35.961 Dtool> Info: Remove [C:\Program Files (x86)\Trend Micro\Security Agent\dlplite\hotfix\x64\SysWOW64\dlphook.x86.dll]
(08032) 08/16/2023 09:31:35.961 Dtool> Info: Remove [C:\Program Files (x86)\Trend Micro\Security Agent\dlplite\hotfix\x64\SysWOW64\dlp_utils.dll]
(08032) 08/16/2023 09:31:35.962 Dtool> Info: Remove [C:\Program Files (x86)\Trend Micro\Security Agent\dlplite\hotfix\x64\SysWOW64\immessagehook.dll]
(08032) 08/16/2023 09:31:35.962 Dtool> Info: Remove [C:\Program Files (x86)\Trend Micro\Security Agent\dlplite\hotfix\x64\SysWOW64\nmem.dll]
(08032) 08/16/2023 09:31:35.962 Dtool> Info: Remove [C:\Program Files (x86)\Trend Micro\Security Agent\dlplite\hotfix\x64\SysWOW64\showmix.dll]
(08032) 08/16/2023 09:31:35.967 TmDlpUpdate> Info: checkUpdatePackage()@ln:1099> File [C:\Program Files (x86)\Trend Micro\Security Agent\dlplite\hotfix\x64\system32\drivers\sakfile.sys] is newer than [C:\Windows\system32\drivers\sakfile.sys]
(08032) 08/16/2023 09:31:35.967 TmDlpUpdate> Info: isServiceRunning()@ln:622> Service [SAKFile] was running, state:[4].
(08032) 08/16/2023 09:31:35.967 TmDlpUpdate> Info: stopService()@ln:390> Stopping service [SAKFile]
(08032) 08/16/2023 09:31:36.024 TmDlpUpdate> Info: [TmDlpeUpdateAgentEx] Datfhs Path C:\Program Files (x86)\Trend Micro\Security Agent\DatFHS.dll, @tmdlpupdate.cpp(1361)
(08032) 08/16/2023 09:31:36.027 TmDlpUpdate> Info: [TrustCertMgr::CheckDLPBinaryIssuerForOneFile] Check file [C:\Program Files (x86)\Trend Micro\Security Agent\dlplite\hotfix\\x64\system32\dgagent\7z.dll], Version[18.5.0.0]  @trustcertmgr.cpp(714)
(08032) 08/16/2023 09:31:36.044 TmDlpUpdate> Info: [TrustCertMgr::CheckDLPBinaryIssuerForOneFile] Check file [C:\Program Files (x86)\Trend Micro\Security Agent\dlplite\hotfix\\x64\system32\dgagent\7z.exe], Version[18.5.0.0]  @trustcertmgr.cpp(714)
(08032) 08/16/2023 09:31:36.056 TmDlpUpdate> Info: [TrustCertMgr::CheckDLPBinaryIssuerForOneFile] Check file [C:\Program Files (x86)\Trend Micro\Security Agent\dlplite\hotfix\\x64\system32\dgagent\apihookstub.x64.dll], Version[6.2.0.5183]  @trustcertmgr.cpp(714)
(08032) 08/16/2023 09:31:36.067 TmDlpUpdate> Info: [TrustCertMgr::CheckDLPBinaryIssuerForOneFile] Check file [C:\Program Files (x86)\Trend Micro\Security Agent\dlplite\hotfix\\x64\system32\dgagent\archive_7z.dll], Version[6.2.0.5255]  @trustcertmgr.cpp(714)
(08032) 08/16/2023 09:31:36.077 TmDlpUpdate> Info: [TrustCertMgr::CheckDLPBinaryIssuerForOneFile] Check file [C:\Program Files (x86)\Trend Micro\Security Agent\dlplite\hotfix\\x64\system32\dgagent\archive_vsapi.dll], Version[6.2.0.5183]  @trustcertmgr.cpp(714)
(08032) 08/16/2023 09:31:36.086 TmDlpUpdate> Info: [TrustCertMgr::CheckDLPBinaryIssuerForOneFile] Check file [C:\Program Files (x86)\Trend Micro\Security Agent\dlplite\hotfix\\x64\system32\dgagent\cme_vxe_dll.dll], Version[6.2.0.5221]  @trustcertmgr.cpp(714)
(08032) 08/16/2023 09:31:36.100 TmDlpUpdate> Info: [TrustCertMgr::CheckDLPBinaryIssuerForOneFile] Check file [C:\Program Files (x86)\Trend Micro\Security Agent\dlplite\hotfix\\x64\system32\dgagent\datadiscovery.exe], Version[6.2.0.5255]  @trustcertmgr.cpp(714)
(08032) 08/16/2023 09:31:36.131 TmDlpUpdate> Info: [TrustCertMgr::CheckDLPBinaryIssuerForOneFile] Check file [C:\Program Files (x86)\Trend Micro\Security Agent\dlplite\hotfix\\x64\system32\dgagent\dgagent\showmsg.exe], Version[6.2.0.5255]  @trustcertmgr.cpp(714)
(08032) 08/16/2023 09:31:36.152 TmDlpUpdate> Info: [TrustCertMgr::CheckDLPBinaryIssuerForOneFile] Check file [C:\Program Files (x86)\Trend Micro\Security Agent\dlplite\hotfix\\x64\system32\dgagent\dlpconverter_dt.dll], Version[6.2.0.5255]  @trustcertmgr.cpp(714)
(08032) 08/16/2023 09:31:36.166 TmDlpUpdate> Info: [TrustCertMgr::CheckDLPBinaryIssuerForOneFile] Check file [C:\Program Files (x86)\Trend Micro\Security Agent\dlplite\hotfix\\x64\system32\dgagent\dlpdrvif.dll], Version[6.2.0.5255]  @trustcertmgr.cpp(714)
(08032) 08/16/2023 09:31:36.178 TmDlpUpdate> Info: [TrustCertMgr::CheckDLPBinaryIssuerForOneFile] Check file [C:\Program Files (x86)\Trend Micro\Security Agent\dlplite\hotfix\\x64\system32\dgagent\dlpexaddin.x64.dll], Version[6.2.0.5255]  @trustcertmgr.cpp(714)
(08032) 08/16/2023 09:31:36.191 TmDlpUpdate> Info: [TrustCertMgr::CheckDLPBinaryIssuerForOneFile] Check file [C:\Program Files (x86)\Trend Micro\Security Agent\dlplite\hotfix\\x64\system32\dgagent\dlphook.x64.dll], Version[6.2.0.5251]  @trustcertmgr.cpp(714)
(08032) 08/16/2023 09:31:36.225 TmDlpUpdate> Info: [TrustCertMgr::CheckDLPBinaryIssuerForOneFile] Check file [C:\Program Files (x86)\Trend Micro\Security Agent\dlplite\hotfix\\x64\system32\dgagent\dlpwpdfltr\dlpwpdfltr.sys], Version[6.2.0.5227]  @trustcertmgr.cpp(714)
(08032) 08/16/2023 09:31:36.259 TmDlpUpdate> Info: [TrustCertMgr::CheckDLPBinaryIssuerForOneFile] Check file [C:\Program Files (x86)\Trend Micro\Security Agent\dlplite\hotfix\\x64\system32\dgagent\dlp_telemetry.dll], Version[6.2.0.5183]  @trustcertmgr.cpp(714)
(08032) 08/16/2023 09:31:36.268 TmDlpUpdate> Info: [TrustCertMgr::CheckDLPBinaryIssuerForOneFile] Check file [C:\Program Files (x86)\Trend Micro\Security Agent\dlplite\hotfix\\x64\system32\dgagent\dlp_utils.dll], Version[6.2.0.5255]  @trustcertmgr.cpp(714)
(08032) 08/16/2023 09:31:36.285 TmDlpUpdate> Info: [TrustCertMgr::CheckDLPBinaryIssuerForOneFile] Check file [C:\Program Files (x86)\Trend Micro\Security Agent\dlplite\hotfix\\x64\system32\dgagent\dsagent.exe], Version[6.2.0.5255]  @trustcertmgr.cpp(714)
(08032) 08/16/2023 09:31:36.322 TmDlpUpdate> Info: [TrustCertMgr::CheckDLPBinaryIssuerForOneFile] Check file [C:\Program Files (x86)\Trend Micro\Security Agent\dlplite\hotfix\\x64\system32\dgagent\dtoop.exe], Version[6.2.0.5255]  @trustcertmgr.cpp(714)
(08032) 08/16/2023 09:31:36.330 TmDlpUpdate> Info: [TrustCertMgr::CheckDLPBinaryIssuerForOneFile] Check file [C:\Program Files (x86)\Trend Micro\Security Agent\dlplite\hotfix\\x64\system32\dgagent\immessagehook.dll], Version[6.2.0.5255]  @trustcertmgr.cpp(714)
(08032) 08/16/2023 09:31:36.341 TmDlpUpdate> Info: [TrustCertMgr::CheckDLPBinaryIssuerForOneFile] Check file [C:\Program Files (x86)\Trend Micro\Security Agent\dlplite\hotfix\\x64\system32\dgagent\inetftpparser.dll], Version[6.2.0.5255]  @trustcertmgr.cpp(714)
(08032) 08/16/2023 09:31:36.358 TmDlpUpdate> Info: [TrustCertMgr::CheckDLPBinaryIssuerForOneFile] Check file [C:\Program Files (x86)\Trend Micro\Security Agent\dlplite\hotfix\\x64\system32\dgagent\inethttpparser.dll], Version[6.2.0.5255]  @trustcertmgr.cpp(714)
(08032) 08/16/2023 09:31:36.377 TmDlpUpdate> Info: [TrustCertMgr::CheckDLPBinaryIssuerForOneFile] Check file [C:\Program Files (x86)\Trend Micro\Security Agent\dlplite\hotfix\\x64\system32\dgagent\inetrapiparser.dll], Version[6.2.0.5255]  @trustcertmgr.cpp(714)
(08032) 08/16/2023 09:31:36.392 TmDlpUpdate> Info: [TrustCertMgr::CheckDLPBinaryIssuerForOneFile] Check file [C:\Program Files (x86)\Trend Micro\Security Agent\dlplite\hotfix\\x64\system32\dgagent\inetsmtpparser.dll], Version[6.2.0.5255]  @trustcertmgr.cpp(714)
(08032) 08/16/2023 09:31:36.410 TmDlpUpdate> Info: [TrustCertMgr::CheckDLPBinaryIssuerForOneFile] Check file [C:\Program Files (x86)\Trend Micro\Security Agent\dlplite\hotfix\\x64\system32\dgagent\inetsyncfile.dll], Version[6.2.0.5255]  @trustcertmgr.cpp(714)
(08032) 08/16/2023 09:31:36.428 TmDlpUpdate> Info: [TrustCertMgr::CheckDLPBinaryIssuerForOneFile] Check file [C:\Program Files (x86)\Trend Micro\Security Agent\dlplite\hotfix\\x64\system32\dgagent\listdeviceinfo.exe], Version[6.2.0.5255]  @trustcertmgr.cpp(714)
(08032) 08/16/2023 09:31:36.449 TmDlpUpdate> Info: [TrustCertMgr::CheckDLPBinaryIssuerForOneFile] Check file [C:\Program Files (x86)\Trend Micro\Security Agent\dlplite\hotfix\\x64\system32\dgagent\nmem.dll], Version[6.2.0.5221]  @trustcertmgr.cpp(714)
(08032) 08/16/2023 09:31:36.463 TmDlpUpdate> Info: [TrustCertMgr::CheckDLPBinaryIssuerForOneFile] Check file [C:\Program Files (x86)\Trend Micro\Security Agent\dlplite\hotfix\\x64\system32\dgagent\removeworkingdirectory.exe], Version[6.2.0.5183]  @trustcertmgr.cpp(714)
(08032) 08/16/2023 09:31:36.477 TmDlpUpdate> Info: [TrustCertMgr::CheckDLPBinaryIssuerForOneFile] Check file [C:\Program Files (x86)\Trend Micro\Security Agent\dlplite\hotfix\\x64\system32\dgagent\showmsg.exe], Version[6.2.0.5255]  @trustcertmgr.cpp(714)
(08032) 08/16/2023 09:31:36.497 TmDlpUpdate> Info: [TrustCertMgr::CheckDLPBinaryIssuerForOneFile] Check file [C:\Program Files (x86)\Trend Micro\Security Agent\dlplite\hotfix\\x64\system32\dgagent\tmdevctrl.dll], Version[6.2.0.5255]  @trustcertmgr.cpp(714)
(08032) 08/16/2023 09:31:36.508 TmDlpUpdate> Info: [TrustCertMgr::CheckDLPBinaryIssuerForOneFile] Check file [C:\Program Files (x86)\Trend Micro\Security Agent\dlplite\hotfix\\x64\system32\dgagent\tmdsmengine.dll], Version[6.2.0.5183]  @trustcertmgr.cpp(714)
(08032) 08/16/2023 09:31:36.520 TmDlpUpdate> Info: [TrustCertMgr::CheckDLPBinaryIssuerForOneFile] Check file [C:\Program Files (x86)\Trend Micro\Security Agent\dlplite\hotfix\\x64\system32\dgagent\upgradecleaner.exe], Version[6.2.0.5183]  @trustcertmgr.cpp(714)
(08032) 08/16/2023 09:31:36.533 TmDlpUpdate> Info: [TrustCertMgr::CheckDLPBinaryIssuerForOneFile] Check file [C:\Program Files (x86)\Trend Micro\Security Agent\dlplite\hotfix\\x64\system32\dlp_utils.dll], Version[6.2.0.5255]  @trustcertmgr.cpp(714)
(08032) 08/16/2023 09:31:36.540 TmDlpUpdate> Info: [TrustCertMgr::CheckDLPBinaryIssuerForOneFile] Check file [C:\Program Files (x86)\Trend Micro\Security Agent\dlplite\hotfix\\x64\system32\drivers\sakfile.sys], Version[6.2.0.5251]  @trustcertmgr.cpp(714)
(08032) 08/16/2023 09:31:36.568 TmDlpUpdate> Info: [TrustCertMgr::CheckDLPBinaryIssuerForOneFile] Check file [C:\Program Files (x86)\Trend Micro\Security Agent\dlplite\hotfix\\x64\system32\immessagehook.dll], Version[6.2.0.5255]  @trustcertmgr.cpp(714)
(08032) 08/16/2023 09:31:36.582 TmDlpUpdate> Info: [TrustCertMgr::CheckDLPBinaryIssuerForOneFile] Check file [C:\Program Files (x86)\Trend Micro\Security Agent\dlplite\hotfix\\x64\system32\showmsg.exe], Version[6.2.0.5255]  @trustcertmgr.cpp(714)
(08032) 08/16/2023 09:31:36.601 TmDlpUpdate> Info: [TmDlpeUpdateAgentEx] Copy files... @tmdlpupdate.cpp(1371)
(08032) 08/16/2023 09:31:36.603 Dtool> Info: Remove [C:\Program Files (x86)\Trend Micro\Security Agent\dlplite\hotfix\x64\system32\drivers\sakfile.sys]
(08032) 08/16/2023 09:31:36.610 Dtool> Info: Copy [C:\Program Files (x86)\Trend Micro\Security Agent\dlplite\hotfix\x64\system32\dgagent\7z.dll] to [C:\Windows\system32\dgagent\7z.dll]
(08032) 08/16/2023 09:31:36.614 Dtool> Info: Copy [C:\Program Files (x86)\Trend Micro\Security Agent\dlplite\hotfix\x64\system32\dgagent\7z.exe] to [C:\Windows\system32\dgagent\7z.exe]
(08032) 08/16/2023 09:31:36.617 Dtool> Info: Copy [C:\Program Files (x86)\Trend Micro\Security Agent\dlplite\hotfix\x64\system32\dgagent\apihookstub.x64.dll] to [C:\Windows\system32\dgagent\apihookstub.x64.dll]
(08032) 08/16/2023 09:31:36.619 Dtool> Info: Copy [C:\Program Files (x86)\Trend Micro\Security Agent\dlplite\hotfix\x64\system32\dgagent\archive_7z.dll] to [C:\Windows\system32\dgagent\archive_7z.dll]
(08032) 08/16/2023 09:31:36.621 Dtool> Info: Copy [C:\Program Files (x86)\Trend Micro\Security Agent\dlplite\hotfix\x64\system32\dgagent\archive_vsapi.dll] to [C:\Windows\system32\dgagent\archive_vsapi.dll]
(08032) 08/16/2023 09:31:36.623 Dtool> Info: Copy [C:\Program Files (x86)\Trend Micro\Security Agent\dlplite\hotfix\x64\system32\dgagent\browser_pattern.xml] to [C:\Windows\system32\dgagent\browser_pattern.xml]
(08032) 08/16/2023 09:31:36.624 Dtool> Info: Copy [C:\Program Files (x86)\Trend Micro\Security Agent\dlplite\hotfix\x64\system32\dgagent\cme_vxe_dll.dll] to [C:\Windows\system32\dgagent\cme_vxe_dll.dll]
(08032) 08/16/2023 09:31:36.626 Dtool> Info: Copy [C:\Program Files (x86)\Trend Micro\Security Agent\dlplite\hotfix\x64\system32\dgagent\converter.pro] to [C:\Windows\system32\dgagent\converter.pro]
(08032) 08/16/2023 09:31:36.628 Dtool> Info: Copy [C:\Program Files (x86)\Trend Micro\Security Agent\dlplite\hotfix\x64\system32\dgagent\datadiscovery.exe] to [C:\Windows\system32\dgagent\datadiscovery.exe]
(08032) 08/16/2023 09:31:36.634 Dtool> Info: Copy [C:\Program Files (x86)\Trend Micro\Security Agent\dlplite\hotfix\x64\system32\dgagent\dgagent\showmsg.exe] to [C:\Windows\system32\dgagent\dgagent\showmsg.exe]
(08032) 08/16/2023 09:31:36.640 Dtool> Info: Copy [C:\Program Files (x86)\Trend Micro\Security Agent\dlplite\hotfix\x64\system32\dgagent\dlpconverter_dt.dll] to [C:\Windows\system32\dgagent\dlpconverter_dt.dll]
(08032) 08/16/2023 09:31:36.642 Dtool> Info: Copy [C:\Program Files (x86)\Trend Micro\Security Agent\dlplite\hotfix\x64\system32\dgagent\dlpdrvif.dll] to [C:\Windows\system32\dgagent\dlpdrvif.dll]
(08032) 08/16/2023 09:31:36.643 Dtool> Info: Copy [C:\Program Files (x86)\Trend Micro\Security Agent\dlplite\hotfix\x64\system32\dgagent\dlpexaddin.x64.dll] to [C:\Windows\system32\dgagent\dlpexaddin.x64.dll]
(08032) 08/16/2023 09:31:36.647 Dtool> Info: Copy [C:\Program Files (x86)\Trend Micro\Security Agent\dlplite\hotfix\x64\system32\dgagent\dlphook.x64.dll] to [C:\Windows\system32\dgagent\dlphook.x64.dll]
(08032) 08/16/2023 09:31:36.650 Dtool> Info: Copy [C:\Program Files (x86)\Trend Micro\Security Agent\dlplite\hotfix\x64\system32\dgagent\dlpwpdfltr\dlpwpdfltr.cat] to [C:\Windows\system32\dgagent\dlpwpdfltr\dlpwpdfltr.cat]
(08032) 08/16/2023 09:31:36.652 Dtool> Info: Copy [C:\Program Files (x86)\Trend Micro\Security Agent\dlplite\hotfix\x64\system32\dgagent\dlpwpdfltr\dlpwpdfltr.inf] to [C:\Windows\system32\dgagent\dlpwpdfltr\dlpwpdfltr.inf]
(08032) 08/16/2023 09:31:36.654 Dtool> Info: Copy [C:\Program Files (x86)\Trend Micro\Security Agent\dlplite\hotfix\x64\system32\dgagent\dlpwpdfltr\dlpwpdfltr.sys] to [C:\Windows\system32\dgagent\dlpwpdfltr\dlpwpdfltr.sys]
(08032) 08/16/2023 09:31:36.656 Dtool> Info: Copy [C:\Program Files (x86)\Trend Micro\Security Agent\dlplite\hotfix\x64\system32\dgagent\dlp_telemetry.dll] to [C:\Windows\system32\dgagent\dlp_telemetry.dll]
(08032) 08/16/2023 09:31:36.658 Dtool> Info: Copy [C:\Program Files (x86)\Trend Micro\Security Agent\dlplite\hotfix\x64\system32\dgagent\dlp_utils.dll] to [C:\Windows\system32\dgagent\dlp_utils.dll]
(08032) 08/16/2023 09:31:36.660 Dtool> Info: Copy [C:\Program Files (x86)\Trend Micro\Security Agent\dlplite\hotfix\x64\system32\dgagent\dsagent.exe] to [C:\Windows\system32\dgagent\dsagent.exe]
(08032) 08/16/2023 09:31:36.675 Dtool> Info: Copy [C:\Program Files (x86)\Trend Micro\Security Agent\dlplite\hotfix\x64\system32\dgagent\dtoop.exe] to [C:\Windows\system32\dgagent\dtoop.exe]
(08032) 08/16/2023 09:31:36.677 Dtool> Info: Copy [C:\Program Files (x86)\Trend Micro\Security Agent\dlplite\hotfix\x64\system32\dgagent\immessagehook.dll] to [C:\Windows\system32\dgagent\immessagehook.dll]
(08032) 08/16/2023 09:31:36.679 Dtool> Info: Copy [C:\Program Files (x86)\Trend Micro\Security Agent\dlplite\hotfix\x64\system32\dgagent\inetftpparser.dll] to [C:\Windows\system32\dgagent\inetftpparser.dll]
(08032) 08/16/2023 09:31:36.683 Dtool> Info: Copy [C:\Program Files (x86)\Trend Micro\Security Agent\dlplite\hotfix\x64\system32\dgagent\inethttpparser.dll] to [C:\Windows\system32\dgagent\inethttpparser.dll]
(08032) 08/16/2023 09:31:36.687 Dtool> Info: Copy [C:\Program Files (x86)\Trend Micro\Security Agent\dlplite\hotfix\x64\system32\dgagent\inetrapiparser.dll] to [C:\Windows\system32\dgagent\inetrapiparser.dll]
(08032) 08/16/2023 09:31:36.689 Dtool> Info: Copy [C:\Program Files (x86)\Trend Micro\Security Agent\dlplite\hotfix\x64\system32\dgagent\inetsmtpparser.dll] to [C:\Windows\system32\dgagent\inetsmtpparser.dll]
(08032) 08/16/2023 09:31:36.693 Dtool> Info: Copy [C:\Program Files (x86)\Trend Micro\Security Agent\dlplite\hotfix\x64\system32\dgagent\inetsyncfile.dll] to [C:\Windows\system32\dgagent\inetsyncfile.dll]
(08032) 08/16/2023 09:31:36.696 Dtool> Info: Copy [C:\Program Files (x86)\Trend Micro\Security Agent\dlplite\hotfix\x64\system32\dgagent\listdeviceinfo.exe] to [C:\Windows\system32\dgagent\listdeviceinfo.exe]
(08032) 08/16/2023 09:31:36.702 Dtool> Info: Copy [C:\Program Files (x86)\Trend Micro\Security Agent\dlplite\hotfix\x64\system32\dgagent\nmem.dll] to [C:\Windows\system32\dgagent\nmem.dll]
(08032) 08/16/2023 09:31:36.705 Dtool> Info: Copy [C:\Program Files (x86)\Trend Micro\Security Agent\dlplite\hotfix\x64\system32\dgagent\removeworkingdirectory.exe] to [C:\Windows\system32\dgagent\removeworkingdirectory.exe]
(08032) 08/16/2023 09:31:36.707 Dtool> Info: Copy [C:\Program Files (x86)\Trend Micro\Security Agent\dlplite\hotfix\x64\system32\dgagent\showmsg.exe] to [C:\Windows\system32\dgagent\showmsg.exe]
(08032) 08/16/2023 09:31:36.712 Dtool> Info: Copy [C:\Program Files (x86)\Trend Micro\Security Agent\dlplite\hotfix\x64\system32\dgagent\tmdevctrl.dll] to [C:\Windows\system32\dgagent\tmdevctrl.dll]
(08032) 08/16/2023 09:31:36.715 Dtool> Info: Skip copy tmdlpe.ptn
(08032) 08/16/2023 09:31:36.715 Dtool> Info: Copy [C:\Program Files (x86)\Trend Micro\Security Agent\dlplite\hotfix\x64\system32\dgagent\tmdsmengine.dll] to [C:\Windows\system32\dgagent\tmdsmengine.dll]
(08032) 08/16/2023 09:31:36.718 Dtool> Info: Copy [C:\Program Files (x86)\Trend Micro\Security Agent\dlplite\hotfix\x64\system32\dgagent\tmpeenum.xml] to [C:\Windows\system32\dgagent\tmpeenum.xml]
(08032) 08/16/2023 09:31:36.720 Dtool> Info: Copy [C:\Program Files (x86)\Trend Micro\Security Agent\dlplite\hotfix\x64\system32\dgagent\upgradecleaner.exe] to [C:\Windows\system32\dgagent\upgradecleaner.exe]
(08032) 08/16/2023 09:31:36.723 Dtool> Info: Copy [C:\Program Files (x86)\Trend Micro\Security Agent\dlplite\hotfix\x64\system32\dlp_utils.dll] to [C:\Windows\system32\dlp_utils.dll]
(08032) 08/16/2023 09:31:36.725 Dtool> Info: Copy [C:\Program Files (x86)\Trend Micro\Security Agent\dlplite\hotfix\x64\system32\immessagehook.dll] to [C:\Windows\system32\immessagehook.dll]
(08032) 08/16/2023 09:31:36.727 Dtool> Info: Copy [C:\Program Files (x86)\Trend Micro\Security Agent\dlplite\hotfix\x64\system32\showmsg.exe] to [C:\Windows\system32\showmsg.exe]
(08032) 08/16/2023 09:31:36.734 TmDlpUpdate> Info: [TmDlpeUpdateAgentEx] Copy files success!! @tmdlpupdate.cpp(1379)
(08032) 08/16/2023 09:31:36.734 TmDlpUpdate> Info: [updateWPDDriver] No need to update dlpwpdfltr driver!! @tmdlpupdate.cpp(1254)
(08032) 08/16/2023 09:31:36.734 Dtool> Err : path : C:\Windows\system32\dgagent\SDKDevCtrl.typ
(08032) 08/16/2023 09:31:36.735 TmDlpUpdate> Info: [updateServiceDependency] Add driver dependency to DSAsvc success!! @tmdlpupdate.cpp(1271)
(08032) 08/16/2023 09:31:36.735 TmDlpUpdate> Info: isServiceRunning()@ln:627> Service [SAKFile] was stopped.
(08032) 08/16/2023 09:31:36.735 Dtool> Info: [Reboot Copy] file : \??\C:\Program Files\Google\Chrome\Temp\scoped_dir30756_1079552633\old_chrome.exe
(08032) 08/16/2023 09:31:36.735 Dtool> Info: [Reboot Copy] file : 
(08032) 08/16/2023 09:31:36.735 Dtool> Info: [Reboot Copy] file : \??\C:\Program Files\Google\Chrome\Temp\scoped_dir30756_1079552633
(08032) 08/16/2023 09:31:36.735 Dtool> Info: [Reboot Copy] file : 
(08032) 08/16/2023 09:31:36.736 Dtool> Info: [Reboot Copy] file : \??\C:\Program Files\Google\Chrome\Temp
(08032) 08/16/2023 09:31:36.736 Dtool> Info: [Reboot Copy] file : 
(08032) 08/16/2023 09:31:36.736 Dtool> Info: [Reboot Copy] file : \??\C:\Program Files (x86)\Microsoft\Edge\Temp\scoped_dir4388_1784405648\old_msedge.exe
(08032) 08/16/2023 09:31:36.736 Dtool> Info: [Reboot Copy] file : 
(08032) 08/16/2023 09:31:36.736 Dtool> Info: [Reboot Copy] file : \??\C:\Program Files (x86)\Microsoft\Edge\Temp\scoped_dir4388_1784405648
(08032) 08/16/2023 09:31:36.736 Dtool> Info: [Reboot Copy] file : 
(08032) 08/16/2023 09:31:36.736 Dtool> Info: [Reboot Copy] file : \??\C:\Program Files (x86)\Microsoft\Edge\Temp
(08032) 08/16/2023 09:31:36.736 Dtool> Info: [Reboot Copy] file : 
(08032) 08/16/2023 09:31:36.736 Dtool> Info: [Reboot Copy] file : \??\C:\Windows\Temp\c92fdf07-72ff-4ae6-8078-23c2d07194c9.tmp
(08032) 08/16/2023 09:31:36.736 Dtool> Info: [Reboot Copy] file : 
(08032) 08/16/2023 09:31:36.736 Dtool> Info: [Reboot Copy] file : \??\C:\Windows\Temp\ab1a298b-1c62-4a1b-8118-d0f34d010ed3.tmp
(08032) 08/16/2023 09:31:36.736 Dtool> Info: [Reboot Copy] file : 
(08032) 08/16/2023 09:31:36.736 Dtool> Info: [Reboot Copy] file : \??\C:\Program Files (x86)\Microsoft\Edge\Temp\scoped_dir33884_357040697\old_msedge.exe
(08032) 08/16/2023 09:31:36.736 Dtool> Info: [Reboot Copy] file : 
(08032) 08/16/2023 09:31:36.736 Dtool> Info: [Reboot Copy] file : \??\C:\Program Files (x86)\Microsoft\Edge\Temp\scoped_dir33884_357040697
(08032) 08/16/2023 09:31:36.736 Dtool> Info: [Reboot Copy] file : 
(08032) 08/16/2023 09:31:36.736 Dtool> Info: [Reboot Copy] file : \??\C:\Program Files (x86)\Microsoft\Edge\Temp
(08032) 08/16/2023 09:31:36.736 Dtool> Info: [Reboot Copy] file : 
(08032) 08/16/2023 09:31:36.736 Dtool> Info: [Reboot Copy] file : \??\C:\Program Files (x86)\Google\Update\1.3.36.283
(08032) 08/16/2023 09:31:36.736 Dtool> Info: [Reboot Copy] file : 
(08032) 08/16/2023 09:31:36.736 Dtool> Info: [Reboot Copy] file : 
(11188) 09/20/2023 09:51:31.023 TmDlpUpdate> Info: InitGlobalVars()@ln:991> Get package path = "C:\Program Files (x86)\Trend Micro\Security Agent\dlplite\hotfix\"
(11188) 09/20/2023 09:51:31.024 TmDlpUpdate> Info: InitGlobalVars()@ln:998> Get ini path = "C:\Program Files (x86)\Trend Micro\Security Agent\dlplite\hotfix\dgPatch.ini"
(11188) 09/20/2023 09:51:31.024 TmDlpUpdate> Info: InitGlobalVars()@ln:1012> Get win dir = "C:\Windows", Set working dir = "C:\Program Files (x86)\Trend Micro\Security Agent\dlplite\hotfix\x64"
(11188) 09/20/2023 09:51:31.024 TmDlpUpdate> Info: InitGlobalVars()@ln:1014> Reading dgpatch.ini...
(11188) 09/20/2023 09:51:31.024 TmDlpUpdate> Info: InitGlobalVars()@ln:1018> g_strWorkingDirectoryEx = <C:\Program Files (x86)\Trend Micro\Security Agent\dlplite\hotfix\x64>
(11188) 09/20/2023 09:51:31.024 TmDlpUpdate> Info: InitGlobalVars()@ln:1019> g_strDgPatchIniPathEx = <C:\Program Files (x86)\Trend Micro\Security Agent\dlplite\hotfix\dgPatch.ini>
(11188) 09/20/2023 09:51:31.024 TmDlpUpdate> Info: InitGlobalVars()@ln:1020> g_strWinDirEx = <C:\Windows>
(11188) 09/20/2023 09:51:31.024 TmDlpUpdate> Info: InitSourcePackage()@ln:935> Package full path = <C:\Program Files (x86)\Trend Micro\Security Agent\dlplite\hotfix\>, Windows root full path = <C:\Windows> => Copy to DLP Hotfix Repository = <0>
(11188) 09/20/2023 09:51:31.024 TmDlpUpdate> Info: [stopDLPService] Stop DLP service <Discsvc>! @tmdlpupdate.cpp(1119)
(11188) 09/20/2023 09:51:31.024 TmDlpUpdate> Info: [stopDLPService] Service <Discsvc> already stopped! No action can be done! @tmdlpupdate.cpp(1141)
(11188) 09/20/2023 09:51:31.024 TmDlpUpdate> Info: [stopDLPService] Stop DLP service <DSASvc>! @tmdlpupdate.cpp(1119)
(11188) 09/20/2023 09:51:31.024 TmDlpUpdate> Info: isServiceRunning()@ln:627> Service [DSASvc] was stopped.
(11188) 09/20/2023 09:51:31.024 TmDlpUpdate> Info: [stopDLPService] Service <DSASvc> already stopped! No action can be done! @tmdlpupdate.cpp(1141)
(11188) 09/20/2023 09:51:31.028 Dtool> Info: Total Processes Number 291
(11188) 09/20/2023 09:51:31.033 TmDlpUpdate> Err : [stopDLPService] Kill ShowMsg.exe failed! @tmdlpupdate.cpp(1149)
(11188) 09/20/2023 09:51:31.034 Dtool> Err : path : C:\Windows\system32\dgagent\SDKDevCtrl.typ
(11188) 09/20/2023 09:51:31.034 TmDlpUpdate> Info: SlimPackageForDC()@ln:898> Delete file [C:\Program Files (x86)\Trend Micro\Security Agent\dlplite\hotfix\x64\system32\ApiHookStub.x64.dll]
(11188) 09/20/2023 09:51:31.034 TmDlpUpdate> Info: SlimPackageForDC()@ln:898> Delete file [C:\Program Files (x86)\Trend Micro\Security Agent\dlplite\hotfix\x64\system32\dlpexaddin.x64.dll]
(11188) 09/20/2023 09:51:31.034 TmDlpUpdate> Info: SlimPackageForDC()@ln:898> Delete file [C:\Program Files (x86)\Trend Micro\Security Agent\dlplite\hotfix\x64\system32\dlphook.x64.dll]
(11188) 09/20/2023 09:51:31.034 TmDlpUpdate> Info: SlimPackageForDC()@ln:898> Delete file [C:\Program Files (x86)\Trend Micro\Security Agent\dlplite\hotfix\x64\system32\drivers\dlpnetfltr.sys]
(11188) 09/20/2023 09:51:31.035 TmDlpUpdate> Info: SlimPackageForDC()@ln:898> Delete file [C:\Program Files (x86)\Trend Micro\Security Agent\dlplite\hotfix\x64\system32\drivers\sakcd.sys]
(11188) 09/20/2023 09:51:31.035 TmDlpUpdate> Info: SlimPackageForDC()@ln:905> Delete files under directory [C:\Program Files (x86)\Trend Micro\Security Agent\dlplite\hotfix\x64\SysWOW64]
(11188) 09/20/2023 09:51:31.035 Dtool> Info: Remove [C:\Program Files (x86)\Trend Micro\Security Agent\dlplite\hotfix\x64\SysWOW64\apihookstub.x86.dll]
(11188) 09/20/2023 09:51:31.035 Dtool> Info: Remove [C:\Program Files (x86)\Trend Micro\Security Agent\dlplite\hotfix\x64\SysWOW64\dlpexaddin.x86.dll]
(11188) 09/20/2023 09:51:31.035 Dtool> Info: Remove [C:\Program Files (x86)\Trend Micro\Security Agent\dlplite\hotfix\x64\SysWOW64\dlphook.x86.dll]
(11188) 09/20/2023 09:51:31.035 Dtool> Info: Remove [C:\Program Files (x86)\Trend Micro\Security Agent\dlplite\hotfix\x64\SysWOW64\dlp_utils.dll]
(11188) 09/20/2023 09:51:31.035 Dtool> Info: Remove [C:\Program Files (x86)\Trend Micro\Security Agent\dlplite\hotfix\x64\SysWOW64\immessagehook.dll]
(11188) 09/20/2023 09:51:31.035 Dtool> Info: Remove [C:\Program Files (x86)\Trend Micro\Security Agent\dlplite\hotfix\x64\SysWOW64\nmem.dll]
(11188) 09/20/2023 09:51:31.035 Dtool> Info: Remove [C:\Program Files (x86)\Trend Micro\Security Agent\dlplite\hotfix\x64\SysWOW64\showmix.dll]
(11188) 09/20/2023 09:51:31.039 TmDlpUpdate> Info: checkUpdatePackage()@ln:1106> File [C:\Program Files (x86)\Trend Micro\Security Agent\dlplite\hotfix\x64\system32\drivers\sakfile.sys] no need update, remove it
(11188) 09/20/2023 09:51:31.039 TmDlpUpdate> Info: [TmDlpeUpdateAgentEx] Datfhs Path C:\Program Files (x86)\Trend Micro\Security Agent\DatFHS.dll, @tmdlpupdate.cpp(1361)
(11188) 09/20/2023 09:51:31.042 TmDlpUpdate> Info: [TrustCertMgr::CheckDLPBinaryIssuerForOneFile] Check file [C:\Program Files (x86)\Trend Micro\Security Agent\dlplite\hotfix\\x64\system32\dgagent\7z.dll], Version[18.5.0.0]  @trustcertmgr.cpp(714)
(11188) 09/20/2023 09:51:31.051 TmDlpUpdate> Info: [TrustCertMgr::CheckDLPBinaryIssuerForOneFile] Check file [C:\Program Files (x86)\Trend Micro\Security Agent\dlplite\hotfix\\x64\system32\dgagent\7z.exe], Version[18.5.0.0]  @trustcertmgr.cpp(714)
(11188) 09/20/2023 09:51:31.056 TmDlpUpdate> Info: [TrustCertMgr::CheckDLPBinaryIssuerForOneFile] Check file [C:\Program Files (x86)\Trend Micro\Security Agent\dlplite\hotfix\\x64\system32\dgagent\apihookstub.x64.dll], Version[6.2.0.5183]  @trustcertmgr.cpp(714)
(11188) 09/20/2023 09:51:31.059 TmDlpUpdate> Info: [TrustCertMgr::CheckDLPBinaryIssuerForOneFile] Check file [C:\Program Files (x86)\Trend Micro\Security Agent\dlplite\hotfix\\x64\system32\dgagent\archive_7z.dll], Version[6.2.0.5255]  @trustcertmgr.cpp(714)
(11188) 09/20/2023 09:51:31.062 TmDlpUpdate> Info: [TrustCertMgr::CheckDLPBinaryIssuerForOneFile] Check file [C:\Program Files (x86)\Trend Micro\Security Agent\dlplite\hotfix\\x64\system32\dgagent\archive_vsapi.dll], Version[6.2.0.5183]  @trustcertmgr.cpp(714)
(11188) 09/20/2023 09:51:31.064 TmDlpUpdate> Info: [TrustCertMgr::CheckDLPBinaryIssuerForOneFile] Check file [C:\Program Files (x86)\Trend Micro\Security Agent\dlplite\hotfix\\x64\system32\dgagent\cme_vxe_dll.dll], Version[6.2.0.5221]  @trustcertmgr.cpp(714)
(11188) 09/20/2023 09:51:31.068 TmDlpUpdate> Info: [TrustCertMgr::CheckDLPBinaryIssuerForOneFile] Check file [C:\Program Files (x86)\Trend Micro\Security Agent\dlplite\hotfix\\x64\system32\dgagent\datadiscovery.exe], Version[6.2.0.5264]  @trustcertmgr.cpp(714)
(11188) 09/20/2023 09:51:31.075 TmDlpUpdate> Info: [TrustCertMgr::CheckDLPBinaryIssuerForOneFile] Check file [C:\Program Files (x86)\Trend Micro\Security Agent\dlplite\hotfix\\x64\system32\dgagent\dbghelp.dll], Version[6.11.1.404]  @trustcertmgr.cpp(714)
(11188) 09/20/2023 09:51:31.081 TmDlpUpdate> Info: [TrustCertMgr::CheckDLPBinaryIssuerForOneFile] Check file [C:\Program Files (x86)\Trend Micro\Security Agent\dlplite\hotfix\\x64\system32\dgagent\dgagent\showmsg.exe], Version[6.2.0.5255]  @trustcertmgr.cpp(714)
(11188) 09/20/2023 09:51:31.087 TmDlpUpdate> Info: [TrustCertMgr::CheckDLPBinaryIssuerForOneFile] Check file [C:\Program Files (x86)\Trend Micro\Security Agent\dlplite\hotfix\\x64\system32\dgagent\dlpconverter_dt.dll], Version[6.2.0.5264]  @trustcertmgr.cpp(714)
(11188) 09/20/2023 09:51:31.090 TmDlpUpdate> Info: [TrustCertMgr::CheckDLPBinaryIssuerForOneFile] Check file [C:\Program Files (x86)\Trend Micro\Security Agent\dlplite\hotfix\\x64\system32\dgagent\dlpdrvif.dll], Version[6.2.0.5264]  @trustcertmgr.cpp(714)
(11188) 09/20/2023 09:51:31.093 TmDlpUpdate> Info: [TrustCertMgr::CheckDLPBinaryIssuerForOneFile] Check file [C:\Program Files (x86)\Trend Micro\Security Agent\dlplite\hotfix\\x64\system32\dgagent\dlpexaddin.x64.dll], Version[6.2.0.5255]  @trustcertmgr.cpp(714)
(11188) 09/20/2023 09:51:31.097 TmDlpUpdate> Info: [TrustCertMgr::CheckDLPBinaryIssuerForOneFile] Check file [C:\Program Files (x86)\Trend Micro\Security Agent\dlplite\hotfix\\x64\system32\dgagent\dlphook.x64.dll], Version[6.2.0.5262]  @trustcertmgr.cpp(714)
(11188) 09/20/2023 09:51:31.107 TmDlpUpdate> Info: [TrustCertMgr::CheckDLPBinaryIssuerForOneFile] Check file [C:\Program Files (x86)\Trend Micro\Security Agent\dlplite\hotfix\\x64\system32\dgagent\dlpwpdfltr\dlpwpdfltr.sys], Version[6.2.0.5262]  @trustcertmgr.cpp(714)
(11188) 09/20/2023 09:51:31.115 TmDlpUpdate> Info: [TrustCertMgr::CheckDLPBinaryIssuerForOneFile] Check file [C:\Program Files (x86)\Trend Micro\Security Agent\dlplite\hotfix\\x64\system32\dgagent\dlpwpdfltr\WDFRedist\KMDF-1.9\Microsoft Kernel-Mode Driver Framework Install-v1.9-Win2k-WinXP-Win2k3.exe], Version[6.3.15.0]  @trustcertmgr.cpp(714)
(11188) 09/20/2023 09:51:31.119 TmDlpUpdate> Info: [TrustCertMgr::CheckDLPBinaryIssuerForOneFile] Check file [C:\Program Files (x86)\Trend Micro\Security Agent\dlplite\hotfix\\x64\system32\dgagent\dlpwpdfltr\WDFRedist\UMDF-1.9\Microsoft User-Mode Driver Framework Install-v1.9-WinXP-Srv03.exe], Version[6.3.15.0]  @trustcertmgr.cpp(714)
(11188) 09/20/2023 09:51:31.123 TmDlpUpdate> Info: [TrustCertMgr::CheckDLPBinaryIssuerForOneFile] Check file [C:\Program Files (x86)\Trend Micro\Security Agent\dlplite\hotfix\\x64\system32\dgagent\dlpwpdfltr\WDFRedist\USBCoInstaller2\WinUSB.exe], Version[6.3.15.0]  @trustcertmgr.cpp(714)
(11188) 09/20/2023 09:51:31.126 TmDlpUpdate> Info: [TrustCertMgr::CheckDLPBinaryIssuerForOneFile] Check file [C:\Program Files (x86)\Trend Micro\Security Agent\dlplite\hotfix\\x64\system32\dgagent\dlp_telemetry.dll], Version[6.2.0.5183]  @trustcertmgr.cpp(714)
(11188) 09/20/2023 09:51:31.128 TmDlpUpdate> Info: [TrustCertMgr::CheckDLPBinaryIssuerForOneFile] Check file [C:\Program Files (x86)\Trend Micro\Security Agent\dlplite\hotfix\\x64\system32\dgagent\dlp_utils.dll], Version[6.2.0.5255]  @trustcertmgr.cpp(714)
(11188) 09/20/2023 09:51:31.135 TmDlpUpdate> Info: [TrustCertMgr::CheckDLPBinaryIssuerForOneFile] Check file [C:\Program Files (x86)\Trend Micro\Security Agent\dlplite\hotfix\\x64\system32\dgagent\dsagent.exe], Version[6.2.0.5264]  @trustcertmgr.cpp(714)
(11188) 09/20/2023 09:51:31.150 TmDlpUpdate> Info: [TrustCertMgr::CheckDLPBinaryIssuerForOneFile] Check file [C:\Program Files (x86)\Trend Micro\Security Agent\dlplite\hotfix\\x64\system32\dgagent\dtengine64.dll], Version[7.2201.8749.1]  @trustcertmgr.cpp(714)
(11188) 09/20/2023 09:51:31.161 TmDlpUpdate> Info: [TrustCertMgr::CheckDLPBinaryIssuerForOneFile] Check file [C:\Program Files (x86)\Trend Micro\Security Agent\dlplite\hotfix\\x64\system32\dgagent\dtoop.exe], Version[6.2.0.5264]  @trustcertmgr.cpp(714)
(11188) 09/20/2023 09:51:31.163 TmDlpUpdate> Info: [TrustCertMgr::CheckDLPBinaryIssuerForOneFile] Check file [C:\Program Files (x86)\Trend Micro\Security Agent\dlplite\hotfix\\x64\system32\dgagent\FEAPI.dll], Version[6.0.0.3030]  @trustcertmgr.cpp(714)
(11188) 09/20/2023 09:51:31.166 TmDlpUpdate> Info: [TrustCertMgr::CheckDLPBinaryIssuerForOneFile] Check file [C:\Program Files (x86)\Trend Micro\Security Agent\dlplite\hotfix\\x64\system32\dgagent\FECmd.exe], Version[6.0.0.3030]  @trustcertmgr.cpp(714)
(11188) 09/20/2023 09:51:31.181 TmDlpUpdate> Info: [TrustCertMgr::CheckDLPBinaryIssuerForOneFile] Check file [C:\Program Files (x86)\Trend Micro\Security Agent\dlplite\hotfix\\x64\system32\dgagent\icudt68.dll], Version[68.2.0.0]  @trustcertmgr.cpp(714)
(11188) 09/20/2023 09:51:31.222 TmDlpUpdate> Info: [TrustCertMgr::CheckDLPBinaryIssuerForOneFile] Check file [C:\Program Files (x86)\Trend Micro\Security Agent\dlplite\hotfix\\x64\system32\dgagent\icudt71.dll], Version[71.1.0.0]  @trustcertmgr.cpp(714)
(11188) 09/20/2023 09:51:31.254 TmDlpUpdate> Info: [TrustCertMgr::CheckDLPBinaryIssuerForOneFile] Check file [C:\Program Files (x86)\Trend Micro\Security Agent\dlplite\hotfix\\x64\system32\dgagent\icuin68.dll], Version[68.2.0.0]  @trustcertmgr.cpp(714)
(11188) 09/20/2023 09:51:31.260 TmDlpUpdate> Info: [TrustCertMgr::CheckDLPBinaryIssuerForOneFile] Check file [C:\Program Files (x86)\Trend Micro\Security Agent\dlplite\hotfix\\x64\system32\dgagent\icuin71.dll], Version[71.1.0.0]  @trustcertmgr.cpp(714)
(11188) 09/20/2023 09:51:31.267 TmDlpUpdate> Info: [TrustCertMgr::CheckDLPBinaryIssuerForOneFile] Check file [C:\Program Files (x86)\Trend Micro\Security Agent\dlplite\hotfix\\x64\system32\dgagent\icuuc68.dll], Version[68.2.0.0]  @trustcertmgr.cpp(714)
(11188) 09/20/2023 09:51:31.272 TmDlpUpdate> Info: [TrustCertMgr::CheckDLPBinaryIssuerForOneFile] Check file [C:\Program Files (x86)\Trend Micro\Security Agent\dlplite\hotfix\\x64\system32\dgagent\icuuc71.dll], Version[71.1.0.0]  @trustcertmgr.cpp(714)
(11188) 09/20/2023 09:51:31.277 TmDlpUpdate> Info: [TrustCertMgr::CheckDLPBinaryIssuerForOneFile] Check file [C:\Program Files (x86)\Trend Micro\Security Agent\dlplite\hotfix\\x64\system32\dgagent\immessagehook.dll], Version[6.2.0.5255]  @trustcertmgr.cpp(714)
(11188) 09/20/2023 09:51:31.280 TmDlpUpdate> Info: [TrustCertMgr::CheckDLPBinaryIssuerForOneFile] Check file [C:\Program Files (x86)\Trend Micro\Security Agent\dlplite\hotfix\\x64\system32\dgagent\inetftpparser.dll], Version[6.2.0.5264]  @trustcertmgr.cpp(714)
(11188) 09/20/2023 09:51:31.284 TmDlpUpdate> Info: [TrustCertMgr::CheckDLPBinaryIssuerForOneFile] Check file [C:\Program Files (x86)\Trend Micro\Security Agent\dlplite\hotfix\\x64\system32\dgagent\inethttpparser.dll], Version[6.2.0.5264]  @trustcertmgr.cpp(714)
(11188) 09/20/2023 09:51:31.289 TmDlpUpdate> Info: [TrustCertMgr::CheckDLPBinaryIssuerForOneFile] Check file [C:\Program Files (x86)\Trend Micro\Security Agent\dlplite\hotfix\\x64\system32\dgagent\inetrapiparser.dll], Version[6.2.0.5264]  @trustcertmgr.cpp(714)
(11188) 09/20/2023 09:51:31.294 TmDlpUpdate> Info: [TrustCertMgr::CheckDLPBinaryIssuerForOneFile] Check file [C:\Program Files (x86)\Trend Micro\Security Agent\dlplite\hotfix\\x64\system32\dgagent\inetsmtpparser.dll], Version[6.2.0.5264]  @trustcertmgr.cpp(714)
(11188) 09/20/2023 09:51:31.298 TmDlpUpdate> Info: [TrustCertMgr::CheckDLPBinaryIssuerForOneFile] Check file [C:\Program Files (x86)\Trend Micro\Security Agent\dlplite\hotfix\\x64\system32\dgagent\inetsyncfile.dll], Version[6.2.0.5264]  @trustcertmgr.cpp(714)
(11188) 09/20/2023 09:51:31.303 TmDlpUpdate> Info: [TrustCertMgr::CheckDLPBinaryIssuerForOneFile] Check file [C:\Program Files (x86)\Trend Micro\Security Agent\dlplite\hotfix\\x64\system32\dgagent\listdeviceinfo.exe], Version[6.2.0.5264]  @trustcertmgr.cpp(714)
(11188) 09/20/2023 09:51:31.309 TmDlpUpdate> Info: [TrustCertMgr::CheckDLPBinaryIssuerForOneFile] Check file [C:\Program Files (x86)\Trend Micro\Security Agent\dlplite\hotfix\\x64\system32\dgagent\msvcp140.dll], Version[14.27.29112.0]  @trustcertmgr.cpp(714)
(11188) 09/20/2023 09:51:31.312 TmDlpUpdate> Info: [TrustCertMgr::CheckDLPBinaryIssuerForOneFile] Check file [C:\Program Files (x86)\Trend Micro\Security Agent\dlplite\hotfix\\x64\system32\dgagent\nmem.dll], Version[6.2.0.5221]  @trustcertmgr.cpp(714)
(11188) 09/20/2023 09:51:31.315 TmDlpUpdate> Info: [TrustCertMgr::CheckDLPBinaryIssuerForOneFile] Check file [C:\Program Files (x86)\Trend Micro\Security Agent\dlplite\hotfix\\x64\system32\dgagent\removeworkingdirectory.exe], Version[6.2.0.5183]  @trustcertmgr.cpp(714)
(11188) 09/20/2023 09:51:31.320 TmDlpUpdate> Info: [TrustCertMgr::CheckDLPBinaryIssuerForOneFile] Check file [C:\Program Files (x86)\Trend Micro\Security Agent\dlplite\hotfix\\x64\system32\dgagent\showmsg.exe], Version[6.2.0.5255]  @trustcertmgr.cpp(714)
(11188) 09/20/2023 09:51:31.326 TmDlpUpdate> Info: [TrustCertMgr::CheckDLPBinaryIssuerForOneFile] Check file [C:\Program Files (x86)\Trend Micro\Security Agent\dlplite\hotfix\\x64\system32\dgagent\tmdevctrl.dll], Version[6.2.0.5264]  @trustcertmgr.cpp(714)
(11188) 09/20/2023 09:51:31.329 TmDlpUpdate> Info: [TrustCertMgr::CheckDLPBinaryIssuerForOneFile] Check file [C:\Program Files (x86)\Trend Micro\Security Agent\dlplite\hotfix\\x64\system32\dgagent\tmdsmengine.dll], Version[6.2.0.5183]  @trustcertmgr.cpp(714)
(11188) 09/20/2023 09:51:31.332 TmDlpUpdate> Info: [TrustCertMgr::CheckDLPBinaryIssuerForOneFile] Check file [C:\Program Files (x86)\Trend Micro\Security Agent\dlplite\hotfix\\x64\system32\dgagent\upgradecleaner.exe], Version[6.2.0.5183]  @trustcertmgr.cpp(714)
(11188) 09/20/2023 09:51:31.336 TmDlpUpdate> Info: [TrustCertMgr::CheckDLPBinaryIssuerForOneFile] Check file [C:\Program Files (x86)\Trend Micro\Security Agent\dlplite\hotfix\\x64\system32\dgagent\vcruntime140.dll], Version[14.27.29112.0]  @trustcertmgr.cpp(714)
(11188) 09/20/2023 09:51:31.338 TmDlpUpdate> Info: [TrustCertMgr::CheckDLPBinaryIssuerForOneFile] Check file [C:\Program Files (x86)\Trend Micro\Security Agent\dlplite\hotfix\\x64\system32\dgagent\vcruntime140_1.dll], Version[14.27.29112.0]  @trustcertmgr.cpp(714)
(11188) 09/20/2023 09:51:31.341 TmDlpUpdate> Info: [TrustCertMgr::CheckDLPBinaryIssuerForOneFile] Check file [C:\Program Files (x86)\Trend Micro\Security Agent\dlplite\hotfix\\x64\system32\dlp_utils.dll], Version[6.2.0.5255]  @trustcertmgr.cpp(714)
(11188) 09/20/2023 09:51:31.344 TmDlpUpdate> Info: [TrustCertMgr::CheckDLPBinaryIssuerForOneFile] Check file [C:\Program Files (x86)\Trend Micro\Security Agent\dlplite\hotfix\\x64\system32\immessagehook.dll], Version[6.2.0.5255]  @trustcertmgr.cpp(714)
(11188) 09/20/2023 09:51:31.349 TmDlpUpdate> Info: [TrustCertMgr::CheckDLPBinaryIssuerForOneFile] Check file [C:\Program Files (x86)\Trend Micro\Security Agent\dlplite\hotfix\\x64\system32\showmsg.exe], Version[6.2.0.5255]  @trustcertmgr.cpp(714)
(11188) 09/20/2023 09:51:31.354 TmDlpUpdate> Info: [TmDlpeUpdateAgentEx] Copy files... @tmdlpupdate.cpp(1371)
(11188) 09/20/2023 09:51:31.356 Dtool> Info: Copy [C:\Program Files (x86)\Trend Micro\Security Agent\dlplite\hotfix\x64\system32\dgagent\7z.dll] to [C:\Windows\system32\dgagent\7z.dll]
(11188) 09/20/2023 09:51:31.357 Dtool> Info: Copy [C:\Program Files (x86)\Trend Micro\Security Agent\dlplite\hotfix\x64\system32\dgagent\7z.exe] to [C:\Windows\system32\dgagent\7z.exe]
(11188) 09/20/2023 09:51:31.358 Dtool> Info: Copy [C:\Program Files (x86)\Trend Micro\Security Agent\dlplite\hotfix\x64\system32\dgagent\apihookstub.x64.dll] to [C:\Windows\system32\dgagent\apihookstub.x64.dll]
(11188) 09/20/2023 09:51:31.358 Dtool> Info: Copy [C:\Program Files (x86)\Trend Micro\Security Agent\dlplite\hotfix\x64\system32\dgagent\archive_7z.dll] to [C:\Windows\system32\dgagent\archive_7z.dll]
(11188) 09/20/2023 09:51:31.359 Dtool> Info: Copy [C:\Program Files (x86)\Trend Micro\Security Agent\dlplite\hotfix\x64\system32\dgagent\archive_vsapi.dll] to [C:\Windows\system32\dgagent\archive_vsapi.dll]
(11188) 09/20/2023 09:51:31.359 Dtool> Info: Copy [C:\Program Files (x86)\Trend Micro\Security Agent\dlplite\hotfix\x64\system32\dgagent\browser_pattern.xml] to [C:\Windows\system32\dgagent\browser_pattern.xml]
(11188) 09/20/2023 09:51:31.360 Dtool> Info: Copy [C:\Program Files (x86)\Trend Micro\Security Agent\dlplite\hotfix\x64\system32\dgagent\cme_vxe_dll.dll] to [C:\Windows\system32\dgagent\cme_vxe_dll.dll]
(11188) 09/20/2023 09:51:31.360 Dtool> Info: Copy [C:\Program Files (x86)\Trend Micro\Security Agent\dlplite\hotfix\x64\system32\dgagent\converter.pro] to [C:\Windows\system32\dgagent\converter.pro]
(11188) 09/20/2023 09:51:31.360 Dtool> Info: Copy [C:\Program Files (x86)\Trend Micro\Security Agent\dlplite\hotfix\x64\system32\dgagent\datadiscovery.exe] to [C:\Windows\system32\dgagent\datadiscovery.exe]
(11188) 09/20/2023 09:51:31.363 Dtool> Info: Copy [C:\Program Files (x86)\Trend Micro\Security Agent\dlplite\hotfix\x64\system32\dgagent\dbghelp.dll] to [C:\Windows\system32\dgagent\dbghelp.dll]
(11188) 09/20/2023 09:51:31.364 Dtool> Info: Copy [C:\Program Files (x86)\Trend Micro\Security Agent\dlplite\hotfix\x64\system32\dgagent\dgagent\showmsg.exe] to [C:\Windows\system32\dgagent\dgagent\showmsg.exe]
(11188) 09/20/2023 09:51:31.365 Dtool> Info: Copy [C:\Program Files (x86)\Trend Micro\Security Agent\dlplite\hotfix\x64\system32\dgagent\dlpconverter_dt.dll] to [C:\Windows\system32\dgagent\dlpconverter_dt.dll]
(11188) 09/20/2023 09:51:31.366 Dtool> Info: Copy [C:\Program Files (x86)\Trend Micro\Security Agent\dlplite\hotfix\x64\system32\dgagent\dlpdrvif.dll] to [C:\Windows\system32\dgagent\dlpdrvif.dll]
(11188) 09/20/2023 09:51:31.367 Dtool> Info: Copy [C:\Program Files (x86)\Trend Micro\Security Agent\dlplite\hotfix\x64\system32\dgagent\dlpexaddin.x64.dll] to [C:\Windows\system32\dgagent\dlpexaddin.x64.dll]
(11188) 09/20/2023 09:51:31.368 Dtool> Info: Copy [C:\Program Files (x86)\Trend Micro\Security Agent\dlplite\hotfix\x64\system32\dgagent\dlphook.x64.dll] to [C:\Windows\system32\dgagent\dlphook.x64.dll]
(11188) 09/20/2023 09:51:31.369 Dtool> Info: Copy [C:\Program Files (x86)\Trend Micro\Security Agent\dlplite\hotfix\x64\system32\dgagent\dlpwpdfltr\dlpwpdfltr.cat] to [C:\Windows\system32\dgagent\dlpwpdfltr\dlpwpdfltr.cat]
(11188) 09/20/2023 09:51:31.369 Dtool> Info: Copy [C:\Program Files (x86)\Trend Micro\Security Agent\dlplite\hotfix\x64\system32\dgagent\dlpwpdfltr\dlpwpdfltr.inf] to [C:\Windows\system32\dgagent\dlpwpdfltr\dlpwpdfltr.inf]
(11188) 09/20/2023 09:51:31.370 Dtool> Info: Copy [C:\Program Files (x86)\Trend Micro\Security Agent\dlplite\hotfix\x64\system32\dgagent\dlpwpdfltr\dlpwpdfltr.sys] to [C:\Windows\system32\dgagent\dlpwpdfltr\dlpwpdfltr.sys]
(11188) 09/20/2023 09:51:31.371 Dtool> Info: Copy [C:\Program Files (x86)\Trend Micro\Security Agent\dlplite\hotfix\x64\system32\dgagent\dlpwpdfltr\WDFRedist\KMDF-1.9\Microsoft Kernel-Mode Driver Framework Install-v1.9-Vista.msu] to [C:\Windows\system32\dgagent\dlpwpdfltr\WDFRedist\KMDF-1.9\Microsoft Kernel-Mode Driver Framework Install-v1.9-Vista.msu]
(11188) 09/20/2023 09:51:31.372 Dtool> Info: Copy [C:\Program Files (x86)\Trend Micro\Security Agent\dlplite\hotfix\x64\system32\dgagent\dlpwpdfltr\WDFRedist\KMDF-1.9\Microsoft Kernel-Mode Driver Framework Install-v1.9-Win2k-WinXP-Win2k3.exe] to [C:\Windows\system32\dgagent\dlpwpdfltr\WDFRedist\KMDF-1.9\Microsoft Kernel-Mode Driver Framework Install-v1.9-Win2k-WinXP-Win2k3.exe]
(11188) 09/20/2023 09:51:31.373 Dtool> Info: Copy [C:\Program Files (x86)\Trend Micro\Security Agent\dlplite\hotfix\x64\system32\dgagent\dlpwpdfltr\WDFRedist\UMDF-1.9\Microsoft User-Mode Driver Framework Install-v1.9-Vista.msu] to [C:\Windows\system32\dgagent\dlpwpdfltr\WDFRedist\UMDF-1.9\Microsoft User-Mode Driver Framework Install-v1.9-Vista.msu]
(11188) 09/20/2023 09:51:31.374 Dtool> Info: Copy [C:\Program Files (x86)\Trend Micro\Security Agent\dlplite\hotfix\x64\system32\dgagent\dlpwpdfltr\WDFRedist\UMDF-1.9\Microsoft User-Mode Driver Framework Install-v1.9-WinXP-Srv03.exe] to [C:\Windows\system32\dgagent\dlpwpdfltr\WDFRedist\UMDF-1.9\Microsoft User-Mode Driver Framework Install-v1.9-WinXP-Srv03.exe]
(11188) 09/20/2023 09:51:31.375 Dtool> Info: Copy [C:\Program Files (x86)\Trend Micro\Security Agent\dlplite\hotfix\x64\system32\dgagent\dlpwpdfltr\WDFRedist\USBCoInstaller2\WinUSB.exe] to [C:\Windows\system32\dgagent\dlpwpdfltr\WDFRedist\USBCoInstaller2\WinUSB.exe]
(11188) 09/20/2023 09:51:31.375 Dtool> Info: Copy [C:\Program Files (x86)\Trend Micro\Security Agent\dlplite\hotfix\x64\system32\dgagent\dlpwpdfltr\WDFRedist\USBCoInstaller2\WinUSB_1.9.msu] to [C:\Windows\system32\dgagent\dlpwpdfltr\WDFRedist\USBCoInstaller2\WinUSB_1.9.msu]
(11188) 09/20/2023 09:51:31.376 Dtool> Info: Copy [C:\Program Files (x86)\Trend Micro\Security Agent\dlplite\hotfix\x64\system32\dgagent\dlp_telemetry.dll] to [C:\Windows\system32\dgagent\dlp_telemetry.dll]
(11188) 09/20/2023 09:51:31.376 Dtool> Info: Copy [C:\Program Files (x86)\Trend Micro\Security Agent\dlplite\hotfix\x64\system32\dgagent\dlp_utils.dll] to [C:\Windows\system32\dgagent\dlp_utils.dll]
(11188) 09/20/2023 09:51:31.377 Dtool> Info: Copy [C:\Program Files (x86)\Trend Micro\Security Agent\dlplite\hotfix\x64\system32\dgagent\dsagent.exe] to [C:\Windows\system32\dgagent\dsagent.exe]
(11188) 09/20/2023 09:51:31.381 Dtool> Info: Copy [C:\Program Files (x86)\Trend Micro\Security Agent\dlplite\hotfix\x64\system32\dgagent\dtengine64.dll] to [C:\Windows\system32\dgagent\dtengine64.dll]
(11188) 09/20/2023 09:51:31.386 Dtool> Info: Copy [C:\Program Files (x86)\Trend Micro\Security Agent\dlplite\hotfix\x64\system32\dgagent\dtoop.exe] to [C:\Windows\system32\dgagent\dtoop.exe]
(11188) 09/20/2023 09:51:31.387 Dtool> Info: Copy [C:\Program Files (x86)\Trend Micro\Security Agent\dlplite\hotfix\x64\system32\dgagent\FEAPI.dll] to [C:\Windows\system32\dgagent\FEAPI.dll]
(11188) 09/20/2023 09:51:31.387 Dtool> Info: Copy [C:\Program Files (x86)\Trend Micro\Security Agent\dlplite\hotfix\x64\system32\dgagent\FECmd.exe] to [C:\Windows\system32\dgagent\FECmd.exe]
(11188) 09/20/2023 09:51:31.388 Dtool> Info: Copy [C:\Program Files (x86)\Trend Micro\Security Agent\dlplite\hotfix\x64\system32\dgagent\icudt68.dll] to [C:\Windows\system32\dgagent\icudt68.dll]
(11188) 09/20/2023 09:51:31.400 Dtool> Info: Copy [C:\Program Files (x86)\Trend Micro\Security Agent\dlplite\hotfix\x64\system32\dgagent\icudt71.dll] to [C:\Windows\system32\dgagent\icudt71.dll]
(11188) 09/20/2023 09:51:31.412 Dtool> Info: Copy [C:\Program Files (x86)\Trend Micro\Security Agent\dlplite\hotfix\x64\system32\dgagent\icuin68.dll] to [C:\Windows\system32\dgagent\icuin68.dll]
(11188) 09/20/2023 09:51:31.414 Dtool> Info: Copy [C:\Program Files (x86)\Trend Micro\Security Agent\dlplite\hotfix\x64\system32\dgagent\icuin71.dll] to [C:\Windows\system32\dgagent\icuin71.dll]
(11188) 09/20/2023 09:51:31.416 Dtool> Info: Copy [C:\Program Files (x86)\Trend Micro\Security Agent\dlplite\hotfix\x64\system32\dgagent\icuuc68.dll] to [C:\Windows\system32\dgagent\icuuc68.dll]
(11188) 09/20/2023 09:51:31.417 Dtool> Info: Copy [C:\Program Files (x86)\Trend Micro\Security Agent\dlplite\hotfix\x64\system32\dgagent\icuuc71.dll] to [C:\Windows\system32\dgagent\icuuc71.dll]
(11188) 09/20/2023 09:51:31.419 Dtool> Info: Copy [C:\Program Files (x86)\Trend Micro\Security Agent\dlplite\hotfix\x64\system32\dgagent\immessagehook.dll] to [C:\Windows\system32\dgagent\immessagehook.dll]
(11188) 09/20/2023 09:51:31.419 Dtool> Info: Copy [C:\Program Files (x86)\Trend Micro\Security Agent\dlplite\hotfix\x64\system32\dgagent\inetftpparser.dll] to [C:\Windows\system32\dgagent\inetftpparser.dll]
(11188) 09/20/2023 09:51:31.420 Dtool> Info: Copy [C:\Program Files (x86)\Trend Micro\Security Agent\dlplite\hotfix\x64\system32\dgagent\inethttpparser.dll] to [C:\Windows\system32\dgagent\inethttpparser.dll]
(11188) 09/20/2023 09:51:31.422 Dtool> Info: Copy [C:\Program Files (x86)\Trend Micro\Security Agent\dlplite\hotfix\x64\system32\dgagent\inetrapiparser.dll] to [C:\Windows\system32\dgagent\inetrapiparser.dll]
(11188) 09/20/2023 09:51:31.423 Dtool> Info: Copy [C:\Program Files (x86)\Trend Micro\Security Agent\dlplite\hotfix\x64\system32\dgagent\inetsmtpparser.dll] to [C:\Windows\system32\dgagent\inetsmtpparser.dll]
(11188) 09/20/2023 09:51:31.424 Dtool> Info: Copy [C:\Program Files (x86)\Trend Micro\Security Agent\dlplite\hotfix\x64\system32\dgagent\inetsyncfile.dll] to [C:\Windows\system32\dgagent\inetsyncfile.dll]
(11188) 09/20/2023 09:51:31.425 Dtool> Info: Copy [C:\Program Files (x86)\Trend Micro\Security Agent\dlplite\hotfix\x64\system32\dgagent\listdeviceinfo.exe] to [C:\Windows\system32\dgagent\listdeviceinfo.exe]
(11188) 09/20/2023 09:51:31.427 Dtool> Info: Copy [C:\Program Files (x86)\Trend Micro\Security Agent\dlplite\hotfix\x64\system32\dgagent\msvcp140.dll] to [C:\Windows\system32\dgagent\msvcp140.dll]
(11188) 09/20/2023 09:51:31.428 Dtool> Info: Copy [C:\Program Files (x86)\Trend Micro\Security Agent\dlplite\hotfix\x64\system32\dgagent\nmem.dll] to [C:\Windows\system32\dgagent\nmem.dll]
(11188) 09/20/2023 09:51:31.428 Dtool> Info: Copy [C:\Program Files (x86)\Trend Micro\Security Agent\dlplite\hotfix\x64\system32\dgagent\removeworkingdirectory.exe] to [C:\Windows\system32\dgagent\removeworkingdirectory.exe]
(11188) 09/20/2023 09:51:31.429 Dtool> Info: Copy [C:\Program Files (x86)\Trend Micro\Security Agent\dlplite\hotfix\x64\system32\dgagent\showmsg.exe] to [C:\Windows\system32\dgagent\showmsg.exe]
(11188) 09/20/2023 09:51:31.430 Dtool> Info: Copy [C:\Program Files (x86)\Trend Micro\Security Agent\dlplite\hotfix\x64\system32\dgagent\tmdevctrl.dll] to [C:\Windows\system32\dgagent\tmdevctrl.dll]
(11188) 09/20/2023 09:51:31.431 Dtool> Info: Skip copy tmdlpe.ptn
(11188) 09/20/2023 09:51:31.431 Dtool> Info: Copy [C:\Program Files (x86)\Trend Micro\Security Agent\dlplite\hotfix\x64\system32\dgagent\tmdsmengine.dll] to [C:\Windows\system32\dgagent\tmdsmengine.dll]
(11188) 09/20/2023 09:51:31.431 Dtool> Info: Copy [C:\Program Files (x86)\Trend Micro\Security Agent\dlplite\hotfix\x64\system32\dgagent\tmpeenum.xml] to [C:\Windows\system32\dgagent\tmpeenum.xml]
(11188) 09/20/2023 09:51:31.432 Dtool> Info: Copy [C:\Program Files (x86)\Trend Micro\Security Agent\dlplite\hotfix\x64\system32\dgagent\upgradecleaner.exe] to [C:\Windows\system32\dgagent\upgradecleaner.exe]
(11188) 09/20/2023 09:51:31.437 Dtool> Info: Copy [C:\Program Files (x86)\Trend Micro\Security Agent\dlplite\hotfix\x64\system32\dgagent\vcruntime140.dll] to [C:\Windows\system32\dgagent\vcruntime140.dll]
(11188) 09/20/2023 09:51:31.438 Dtool> Info: Copy [C:\Program Files (x86)\Trend Micro\Security Agent\dlplite\hotfix\x64\system32\dgagent\vcruntime140_1.dll] to [C:\Windows\system32\dgagent\vcruntime140_1.dll]
(11188) 09/20/2023 09:51:31.438 Dtool> Info: Copy [C:\Program Files (x86)\Trend Micro\Security Agent\dlplite\hotfix\x64\system32\dlp_utils.dll] to [C:\Windows\system32\dlp_utils.dll]
(11188) 09/20/2023 09:51:31.439 Dtool> Info: Copy [C:\Program Files (x86)\Trend Micro\Security Agent\dlplite\hotfix\x64\system32\immessagehook.dll] to [C:\Windows\system32\immessagehook.dll]
(11188) 09/20/2023 09:51:31.440 Dtool> Info: Copy [C:\Program Files (x86)\Trend Micro\Security Agent\dlplite\hotfix\x64\system32\showmsg.exe] to [C:\Windows\system32\showmsg.exe]
(11188) 09/20/2023 09:51:31.441 TmDlpUpdate> Info: [TmDlpeUpdateAgentEx] Copy files success!! @tmdlpupdate.cpp(1379)
(11188) 09/20/2023 09:51:31.441 TmDlpUpdate> Info: [updateWPDDriver] No need to update dlpwpdfltr driver!! @tmdlpupdate.cpp(1254)
(11188) 09/20/2023 09:51:31.441 Dtool> Err : path : C:\Windows\system32\dgagent\SDKDevCtrl.typ
(11188) 09/20/2023 09:51:31.441 TmDlpUpdate> Info: [updateServiceDependency] Add driver dependency to DSAsvc success!! @tmdlpupdate.cpp(1271)
(11188) 09/20/2023 09:51:31.442 TmDlpUpdate> Info: isServiceRunning()@ln:622> Service [SAKFile] was running, state:[4].
(11188) 09/20/2023 09:51:31.442 Dtool> Info: [Reboot Copy] file : \??\C:\Program Files (x86)\Trend Micro\Security Agent\TmEngDrv.dll.old
(11188) 09/20/2023 09:51:31.442 Dtool> Info: [Reboot Copy] file : 
(11188) 09/20/2023 09:51:31.442 Dtool> Info: [Reboot Copy] file : 
(18724) 10/18/2023 08:31:26.978 TmDlpUpdate> Info: InitGlobalVars()@ln:991> Get package path = "C:\Program Files (x86)\Trend Micro\Security Agent\dlplite\hotfix\"
(18724) 10/18/2023 08:31:26.979 TmDlpUpdate> Info: InitGlobalVars()@ln:998> Get ini path = "C:\Program Files (x86)\Trend Micro\Security Agent\dlplite\hotfix\dgPatch.ini"
(18724) 10/18/2023 08:31:26.979 TmDlpUpdate> Info: InitGlobalVars()@ln:1012> Get win dir = "C:\Windows", Set working dir = "C:\Program Files (x86)\Trend Micro\Security Agent\dlplite\hotfix\x64"
(18724) 10/18/2023 08:31:26.979 TmDlpUpdate> Info: InitGlobalVars()@ln:1014> Reading dgpatch.ini...
(18724) 10/18/2023 08:31:26.979 TmDlpUpdate> Info: InitGlobalVars()@ln:1018> g_strWorkingDirectoryEx = <C:\Program Files (x86)\Trend Micro\Security Agent\dlplite\hotfix\x64>
(18724) 10/18/2023 08:31:26.979 TmDlpUpdate> Info: InitGlobalVars()@ln:1019> g_strDgPatchIniPathEx = <C:\Program Files (x86)\Trend Micro\Security Agent\dlplite\hotfix\dgPatch.ini>
(18724) 10/18/2023 08:31:26.979 TmDlpUpdate> Info: InitGlobalVars()@ln:1020> g_strWinDirEx = <C:\Windows>
(18724) 10/18/2023 08:31:26.979 TmDlpUpdate> Info: InitSourcePackage()@ln:935> Package full path = <C:\Program Files (x86)\Trend Micro\Security Agent\dlplite\hotfix\>, Windows root full path = <C:\Windows> => Copy to DLP Hotfix Repository = <0>
(18724) 10/18/2023 08:31:26.979 TmDlpUpdate> Info: [stopDLPService] Stop DLP service <Discsvc>! @tmdlpupdate.cpp(1119)
(18724) 10/18/2023 08:31:26.979 TmDlpUpdate> Info: [stopDLPService] Service <Discsvc> already stopped! No action can be done! @tmdlpupdate.cpp(1141)
(18724) 10/18/2023 08:31:26.979 TmDlpUpdate> Info: [stopDLPService] Stop DLP service <DSASvc>! @tmdlpupdate.cpp(1119)
(18724) 10/18/2023 08:31:26.979 TmDlpUpdate> Info: isServiceRunning()@ln:627> Service [DSASvc] was stopped.
(18724) 10/18/2023 08:31:26.979 TmDlpUpdate> Info: [stopDLPService] Service <DSASvc> already stopped! No action can be done! @tmdlpupdate.cpp(1141)
(18724) 10/18/2023 08:31:26.983 Dtool> Info: Total Processes Number 235
(18724) 10/18/2023 08:31:26.987 TmDlpUpdate> Err : [stopDLPService] Kill ShowMsg.exe failed! @tmdlpupdate.cpp(1149)
(18724) 10/18/2023 08:31:26.987 Dtool> Err : path : C:\Windows\system32\dgagent\SDKDevCtrl.typ
(18724) 10/18/2023 08:31:26.988 TmDlpUpdate> Info: SlimPackageForDC()@ln:898> Delete file [C:\Program Files (x86)\Trend Micro\Security Agent\dlplite\hotfix\x64\system32\ApiHookStub.x64.dll]
(18724) 10/18/2023 08:31:26.988 TmDlpUpdate> Info: SlimPackageForDC()@ln:898> Delete file [C:\Program Files (x86)\Trend Micro\Security Agent\dlplite\hotfix\x64\system32\dlpexaddin.x64.dll]
(18724) 10/18/2023 08:31:26.988 TmDlpUpdate> Info: SlimPackageForDC()@ln:898> Delete file [C:\Program Files (x86)\Trend Micro\Security Agent\dlplite\hotfix\x64\system32\dlphook.x64.dll]
(18724) 10/18/2023 08:31:26.988 TmDlpUpdate> Info: SlimPackageForDC()@ln:898> Delete file [C:\Program Files (x86)\Trend Micro\Security Agent\dlplite\hotfix\x64\system32\drivers\dlpnetfltr.sys]
(18724) 10/18/2023 08:31:26.988 TmDlpUpdate> Info: SlimPackageForDC()@ln:898> Delete file [C:\Program Files (x86)\Trend Micro\Security Agent\dlplite\hotfix\x64\system32\drivers\sakcd.sys]
(18724) 10/18/2023 08:31:26.988 TmDlpUpdate> Info: SlimPackageForDC()@ln:905> Delete files under directory [C:\Program Files (x86)\Trend Micro\Security Agent\dlplite\hotfix\x64\SysWOW64]
(18724) 10/18/2023 08:31:26.988 Dtool> Info: Remove [C:\Program Files (x86)\Trend Micro\Security Agent\dlplite\hotfix\x64\SysWOW64\apihookstub.x86.dll]
(18724) 10/18/2023 08:31:26.989 Dtool> Info: Remove [C:\Program Files (x86)\Trend Micro\Security Agent\dlplite\hotfix\x64\SysWOW64\dlpexaddin.x86.dll]
(18724) 10/18/2023 08:31:26.989 Dtool> Info: Remove [C:\Program Files (x86)\Trend Micro\Security Agent\dlplite\hotfix\x64\SysWOW64\dlphook.x86.dll]
(18724) 10/18/2023 08:31:26.989 Dtool> Info: Remove [C:\Program Files (x86)\Trend Micro\Security Agent\dlplite\hotfix\x64\SysWOW64\dlp_utils.dll]
(18724) 10/18/2023 08:31:26.989 Dtool> Info: Remove [C:\Program Files (x86)\Trend Micro\Security Agent\dlplite\hotfix\x64\SysWOW64\immessagehook.dll]
(18724) 10/18/2023 08:31:26.989 Dtool> Info: Remove [C:\Program Files (x86)\Trend Micro\Security Agent\dlplite\hotfix\x64\SysWOW64\nmem.dll]
(18724) 10/18/2023 08:31:26.989 Dtool> Info: Remove [C:\Program Files (x86)\Trend Micro\Security Agent\dlplite\hotfix\x64\SysWOW64\showmix.dll]
(18724) 10/18/2023 08:31:26.992 TmDlpUpdate> Info: checkUpdatePackage()@ln:1106> File [C:\Program Files (x86)\Trend Micro\Security Agent\dlplite\hotfix\x64\system32\drivers\sakfile.sys] no need update, remove it
(18724) 10/18/2023 08:31:26.992 TmDlpUpdate> Info: [TmDlpeUpdateAgentEx] Datfhs Path C:\Program Files (x86)\Trend Micro\Security Agent\DatFHS.dll, @tmdlpupdate.cpp(1361)
(18724) 10/18/2023 08:31:26.993 TmDlpUpdate> Info: [TrustCertMgr::CheckDLPBinaryIssuerForOneFile] Check file [C:\Program Files (x86)\Trend Micro\Security Agent\dlplite\hotfix\\x64\system32\dgagent\7z.dll], Version[18.5.0.0]  @trustcertmgr.cpp(714)
(18724) 10/18/2023 08:31:27.002 TmDlpUpdate> Info: [TrustCertMgr::CheckDLPBinaryIssuerForOneFile] Check file [C:\Program Files (x86)\Trend Micro\Security Agent\dlplite\hotfix\\x64\system32\dgagent\7z.exe], Version[18.5.0.0]  @trustcertmgr.cpp(714)
(18724) 10/18/2023 08:31:27.007 TmDlpUpdate> Info: [TrustCertMgr::CheckDLPBinaryIssuerForOneFile] Check file [C:\Program Files (x86)\Trend Micro\Security Agent\dlplite\hotfix\\x64\system32\dgagent\apihookstub.x64.dll], Version[6.2.0.5183]  @trustcertmgr.cpp(714)
(18724) 10/18/2023 08:31:27.010 TmDlpUpdate> Info: [TrustCertMgr::CheckDLPBinaryIssuerForOneFile] Check file [C:\Program Files (x86)\Trend Micro\Security Agent\dlplite\hotfix\\x64\system32\dgagent\archive_7z.dll], Version[6.2.0.5255]  @trustcertmgr.cpp(714)
(18724) 10/18/2023 08:31:27.013 TmDlpUpdate> Info: [TrustCertMgr::CheckDLPBinaryIssuerForOneFile] Check file [C:\Program Files (x86)\Trend Micro\Security Agent\dlplite\hotfix\\x64\system32\dgagent\archive_vsapi.dll], Version[6.2.0.5183]  @trustcertmgr.cpp(714)
(18724) 10/18/2023 08:31:27.015 TmDlpUpdate> Info: [TrustCertMgr::CheckDLPBinaryIssuerForOneFile] Check file [C:\Program Files (x86)\Trend Micro\Security Agent\dlplite\hotfix\\x64\system32\dgagent\cme_vxe_dll.dll], Version[6.2.0.5221]  @trustcertmgr.cpp(714)
(18724) 10/18/2023 08:31:27.020 TmDlpUpdate> Info: [TrustCertMgr::CheckDLPBinaryIssuerForOneFile] Check file [C:\Program Files (x86)\Trend Micro\Security Agent\dlplite\hotfix\\x64\system32\dgagent\datadiscovery.exe], Version[6.2.0.5268]  @trustcertmgr.cpp(714)
(18724) 10/18/2023 08:31:27.027 TmDlpUpdate> Info: [TrustCertMgr::CheckDLPBinaryIssuerForOneFile] Check file [C:\Program Files (x86)\Trend Micro\Security Agent\dlplite\hotfix\\x64\system32\dgagent\dbghelp.dll], Version[6.11.1.404]  @trustcertmgr.cpp(714)
(18724) 10/18/2023 08:31:27.033 TmDlpUpdate> Info: [TrustCertMgr::CheckDLPBinaryIssuerForOneFile] Check file [C:\Program Files (x86)\Trend Micro\Security Agent\dlplite\hotfix\\x64\system32\dgagent\dgagent\showmsg.exe], Version[6.2.0.5268]  @trustcertmgr.cpp(714)
(18724) 10/18/2023 08:31:27.039 TmDlpUpdate> Info: [TrustCertMgr::CheckDLPBinaryIssuerForOneFile] Check file [C:\Program Files (x86)\Trend Micro\Security Agent\dlplite\hotfix\\x64\system32\dgagent\dlpconverter_dt.dll], Version[6.2.0.5268]  @trustcertmgr.cpp(714)
(18724) 10/18/2023 08:31:27.043 TmDlpUpdate> Info: [TrustCertMgr::CheckDLPBinaryIssuerForOneFile] Check file [C:\Program Files (x86)\Trend Micro\Security Agent\dlplite\hotfix\\x64\system32\dgagent\dlpdrvif.dll], Version[6.2.0.5268]  @trustcertmgr.cpp(714)
(18724) 10/18/2023 08:31:27.046 TmDlpUpdate> Info: [TrustCertMgr::CheckDLPBinaryIssuerForOneFile] Check file [C:\Program Files (x86)\Trend Micro\Security Agent\dlplite\hotfix\\x64\system32\dgagent\dlpexaddin.x64.dll], Version[6.2.0.5255]  @trustcertmgr.cpp(714)
(18724) 10/18/2023 08:31:27.050 TmDlpUpdate> Info: [TrustCertMgr::CheckDLPBinaryIssuerForOneFile] Check file [C:\Program Files (x86)\Trend Micro\Security Agent\dlplite\hotfix\\x64\system32\dgagent\dlphook.x64.dll], Version[6.2.0.5266]  @trustcertmgr.cpp(714)
(18724) 10/18/2023 08:31:27.061 TmDlpUpdate> Info: [TrustCertMgr::CheckDLPBinaryIssuerForOneFile] Check file [C:\Program Files (x86)\Trend Micro\Security Agent\dlplite\hotfix\\x64\system32\dgagent\dlpwpdfltr\dlpwpdfltr.sys], Version[6.2.0.5262]  @trustcertmgr.cpp(714)
(18724) 10/18/2023 08:31:27.070 TmDlpUpdate> Info: [TrustCertMgr::CheckDLPBinaryIssuerForOneFile] Check file [C:\Program Files (x86)\Trend Micro\Security Agent\dlplite\hotfix\\x64\system32\dgagent\dlpwpdfltr\WDFRedist\KMDF-1.9\Microsoft Kernel-Mode Driver Framework Install-v1.9-Win2k-WinXP-Win2k3.exe], Version[6.3.15.0]  @trustcertmgr.cpp(714)
(18724) 10/18/2023 08:31:27.074 TmDlpUpdate> Info: [TrustCertMgr::CheckDLPBinaryIssuerForOneFile] Check file [C:\Program Files (x86)\Trend Micro\Security Agent\dlplite\hotfix\\x64\system32\dgagent\dlpwpdfltr\WDFRedist\UMDF-1.9\Microsoft User-Mode Driver Framework Install-v1.9-WinXP-Srv03.exe], Version[6.3.15.0]  @trustcertmgr.cpp(714)
(18724) 10/18/2023 08:31:27.078 TmDlpUpdate> Info: [TrustCertMgr::CheckDLPBinaryIssuerForOneFile] Check file [C:\Program Files (x86)\Trend Micro\Security Agent\dlplite\hotfix\\x64\system32\dgagent\dlpwpdfltr\WDFRedist\USBCoInstaller2\WinUSB.exe], Version[6.3.15.0]  @trustcertmgr.cpp(714)
(18724) 10/18/2023 08:31:27.082 TmDlpUpdate> Info: [TrustCertMgr::CheckDLPBinaryIssuerForOneFile] Check file [C:\Program Files (x86)\Trend Micro\Security Agent\dlplite\hotfix\\x64\system32\dgagent\dlp_telemetry.dll], Version[6.2.0.5183]  @trustcertmgr.cpp(714)
(18724) 10/18/2023 08:31:27.084 TmDlpUpdate> Info: [TrustCertMgr::CheckDLPBinaryIssuerForOneFile] Check file [C:\Program Files (x86)\Trend Micro\Security Agent\dlplite\hotfix\\x64\system32\dgagent\dlp_utils.dll], Version[6.2.0.5268]  @trustcertmgr.cpp(714)
(18724) 10/18/2023 08:31:27.091 TmDlpUpdate> Info: [TrustCertMgr::CheckDLPBinaryIssuerForOneFile] Check file [C:\Program Files (x86)\Trend Micro\Security Agent\dlplite\hotfix\\x64\system32\dgagent\dsagent.exe], Version[6.2.0.5268]  @trustcertmgr.cpp(714)
(18724) 10/18/2023 08:31:27.107 TmDlpUpdate> Info: [TrustCertMgr::CheckDLPBinaryIssuerForOneFile] Check file [C:\Program Files (x86)\Trend Micro\Security Agent\dlplite\hotfix\\x64\system32\dgagent\dtengine64.dll], Version[7.2201.8749.1]  @trustcertmgr.cpp(714)
(18724) 10/18/2023 08:31:27.119 TmDlpUpdate> Info: [TrustCertMgr::CheckDLPBinaryIssuerForOneFile] Check file [C:\Program Files (x86)\Trend Micro\Security Agent\dlplite\hotfix\\x64\system32\dgagent\dtoop.exe], Version[6.2.0.5268]  @trustcertmgr.cpp(714)
(18724) 10/18/2023 08:31:27.122 TmDlpUpdate> Info: [TrustCertMgr::CheckDLPBinaryIssuerForOneFile] Check file [C:\Program Files (x86)\Trend Micro\Security Agent\dlplite\hotfix\\x64\system32\dgagent\FEAPI.dll], Version[6.0.0.3030]  @trustcertmgr.cpp(714)
(18724) 10/18/2023 08:31:27.125 TmDlpUpdate> Info: [TrustCertMgr::CheckDLPBinaryIssuerForOneFile] Check file [C:\Program Files (x86)\Trend Micro\Security Agent\dlplite\hotfix\\x64\system32\dgagent\FECmd.exe], Version[6.0.0.3030]  @trustcertmgr.cpp(714)
(18724) 10/18/2023 08:31:27.140 TmDlpUpdate> Info: [TrustCertMgr::CheckDLPBinaryIssuerForOneFile] Check file [C:\Program Files (x86)\Trend Micro\Security Agent\dlplite\hotfix\\x64\system32\dgagent\icudt68.dll], Version[68.2.0.0]  @trustcertmgr.cpp(714)
(18724) 10/18/2023 08:31:27.186 TmDlpUpdate> Info: [TrustCertMgr::CheckDLPBinaryIssuerForOneFile] Check file [C:\Program Files (x86)\Trend Micro\Security Agent\dlplite\hotfix\\x64\system32\dgagent\icudt71.dll], Version[71.1.0.0]  @trustcertmgr.cpp(714)
(18724) 10/18/2023 08:31:27.220 TmDlpUpdate> Info: [TrustCertMgr::CheckDLPBinaryIssuerForOneFile] Check file [C:\Program Files (x86)\Trend Micro\Security Agent\dlplite\hotfix\\x64\system32\dgagent\icuin68.dll], Version[68.2.0.0]  @trustcertmgr.cpp(714)
(18724) 10/18/2023 08:31:27.227 TmDlpUpdate> Info: [TrustCertMgr::CheckDLPBinaryIssuerForOneFile] Check file [C:\Program Files (x86)\Trend Micro\Security Agent\dlplite\hotfix\\x64\system32\dgagent\icuin71.dll], Version[71.1.0.0]  @trustcertmgr.cpp(714)
(18724) 10/18/2023 08:31:27.234 TmDlpUpdate> Info: [TrustCertMgr::CheckDLPBinaryIssuerForOneFile] Check file [C:\Program Files (x86)\Trend Micro\Security Agent\dlplite\hotfix\\x64\system32\dgagent\icuuc68.dll], Version[68.2.0.0]  @trustcertmgr.cpp(714)
(18724) 10/18/2023 08:31:27.240 TmDlpUpdate> Info: [TrustCertMgr::CheckDLPBinaryIssuerForOneFile] Check file [C:\Program Files (x86)\Trend Micro\Security Agent\dlplite\hotfix\\x64\system32\dgagent\icuuc71.dll], Version[71.1.0.0]  @trustcertmgr.cpp(714)
(18724) 10/18/2023 08:31:27.245 TmDlpUpdate> Info: [TrustCertMgr::CheckDLPBinaryIssuerForOneFile] Check file [C:\Program Files (x86)\Trend Micro\Security Agent\dlplite\hotfix\\x64\system32\dgagent\immessagehook.dll], Version[6.2.0.5255]  @trustcertmgr.cpp(714)
(18724) 10/18/2023 08:31:27.248 TmDlpUpdate> Info: [TrustCertMgr::CheckDLPBinaryIssuerForOneFile] Check file [C:\Program Files (x86)\Trend Micro\Security Agent\dlplite\hotfix\\x64\system32\dgagent\inetftpparser.dll], Version[6.2.0.5268]  @trustcertmgr.cpp(714)
(18724) 10/18/2023 08:31:27.253 TmDlpUpdate> Info: [TrustCertMgr::CheckDLPBinaryIssuerForOneFile] Check file [C:\Program Files (x86)\Trend Micro\Security Agent\dlplite\hotfix\\x64\system32\dgagent\inethttpparser.dll], Version[6.2.0.5268]  @trustcertmgr.cpp(714)
(18724) 10/18/2023 08:31:27.257 TmDlpUpdate> Info: [TrustCertMgr::CheckDLPBinaryIssuerForOneFile] Check file [C:\Program Files (x86)\Trend Micro\Security Agent\dlplite\hotfix\\x64\system32\dgagent\inetrapiparser.dll], Version[6.2.0.5268]  @trustcertmgr.cpp(714)
(18724) 10/18/2023 08:31:27.262 TmDlpUpdate> Info: [TrustCertMgr::CheckDLPBinaryIssuerForOneFile] Check file [C:\Program Files (x86)\Trend Micro\Security Agent\dlplite\hotfix\\x64\system32\dgagent\inetsmtpparser.dll], Version[6.2.0.5268]  @trustcertmgr.cpp(714)
(18724) 10/18/2023 08:31:27.266 TmDlpUpdate> Info: [TrustCertMgr::CheckDLPBinaryIssuerForOneFile] Check file [C:\Program Files (x86)\Trend Micro\Security Agent\dlplite\hotfix\\x64\system32\dgagent\inetsyncfile.dll], Version[6.2.0.5268]  @trustcertmgr.cpp(714)
(18724) 10/18/2023 08:31:27.271 TmDlpUpdate> Info: [TrustCertMgr::CheckDLPBinaryIssuerForOneFile] Check file [C:\Program Files (x86)\Trend Micro\Security Agent\dlplite\hotfix\\x64\system32\dgagent\listdeviceinfo.exe], Version[6.2.0.5268]  @trustcertmgr.cpp(714)
(18724) 10/18/2023 08:31:27.278 TmDlpUpdate> Info: [TrustCertMgr::CheckDLPBinaryIssuerForOneFile] Check file [C:\Program Files (x86)\Trend Micro\Security Agent\dlplite\hotfix\\x64\system32\dgagent\msvcp140.dll], Version[14.27.29112.0]  @trustcertmgr.cpp(714)
(18724) 10/18/2023 08:31:27.282 TmDlpUpdate> Info: [TrustCertMgr::CheckDLPBinaryIssuerForOneFile] Check file [C:\Program Files (x86)\Trend Micro\Security Agent\dlplite\hotfix\\x64\system32\dgagent\nmem.dll], Version[6.2.0.5221]  @trustcertmgr.cpp(714)
(18724) 10/18/2023 08:31:27.285 TmDlpUpdate> Info: [TrustCertMgr::CheckDLPBinaryIssuerForOneFile] Check file [C:\Program Files (x86)\Trend Micro\Security Agent\dlplite\hotfix\\x64\system32\dgagent\removeworkingdirectory.exe], Version[6.2.0.5183]  @trustcertmgr.cpp(714)
(18724) 10/18/2023 08:31:27.289 TmDlpUpdate> Info: [TrustCertMgr::CheckDLPBinaryIssuerForOneFile] Check file [C:\Program Files (x86)\Trend Micro\Security Agent\dlplite\hotfix\\x64\system32\dgagent\showmsg.exe], Version[6.2.0.5268]  @trustcertmgr.cpp(714)
(18724) 10/18/2023 08:31:27.295 TmDlpUpdate> Info: [TrustCertMgr::CheckDLPBinaryIssuerForOneFile] Check file [C:\Program Files (x86)\Trend Micro\Security Agent\dlplite\hotfix\\x64\system32\dgagent\tmdevctrl.dll], Version[6.2.0.5268]  @trustcertmgr.cpp(714)
(18724) 10/18/2023 08:31:27.298 TmDlpUpdate> Info: [TrustCertMgr::CheckDLPBinaryIssuerForOneFile] Check file [C:\Program Files (x86)\Trend Micro\Security Agent\dlplite\hotfix\\x64\system32\dgagent\tmdsmengine.dll], Version[6.2.0.5183]  @trustcertmgr.cpp(714)
(18724) 10/18/2023 08:31:27.301 TmDlpUpdate> Info: [TrustCertMgr::CheckDLPBinaryIssuerForOneFile] Check file [C:\Program Files (x86)\Trend Micro\Security Agent\dlplite\hotfix\\x64\system32\dgagent\upgradecleaner.exe], Version[6.2.0.5183]  @trustcertmgr.cpp(714)
(18724) 10/18/2023 08:31:27.304 TmDlpUpdate> Info: [TrustCertMgr::CheckDLPBinaryIssuerForOneFile] Check file [C:\Program Files (x86)\Trend Micro\Security Agent\dlplite\hotfix\\x64\system32\dgagent\vcruntime140.dll], Version[14.27.29112.0]  @trustcertmgr.cpp(714)
(18724) 10/18/2023 08:31:27.306 TmDlpUpdate> Info: [TrustCertMgr::CheckDLPBinaryIssuerForOneFile] Check file [C:\Program Files (x86)\Trend Micro\Security Agent\dlplite\hotfix\\x64\system32\dgagent\vcruntime140_1.dll], Version[14.27.29112.0]  @trustcertmgr.cpp(714)
(18724) 10/18/2023 08:31:27.309 TmDlpUpdate> Info: [TrustCertMgr::CheckDLPBinaryIssuerForOneFile] Check file [C:\Program Files (x86)\Trend Micro\Security Agent\dlplite\hotfix\\x64\system32\dlp_utils.dll], Version[6.2.0.5255]  @trustcertmgr.cpp(714)
(18724) 10/18/2023 08:31:27.312 TmDlpUpdate> Info: [TrustCertMgr::CheckDLPBinaryIssuerForOneFile] Check file [C:\Program Files (x86)\Trend Micro\Security Agent\dlplite\hotfix\\x64\system32\immessagehook.dll], Version[6.2.0.5255]  @trustcertmgr.cpp(714)
(18724) 10/18/2023 08:31:27.316 TmDlpUpdate> Info: [TrustCertMgr::CheckDLPBinaryIssuerForOneFile] Check file [C:\Program Files (x86)\Trend Micro\Security Agent\dlplite\hotfix\\x64\system32\showmsg.exe], Version[6.2.0.5268]  @trustcertmgr.cpp(714)
(18724) 10/18/2023 08:31:27.321 TmDlpUpdate> Info: [TmDlpeUpdateAgentEx] Copy files... @tmdlpupdate.cpp(1371)
(18724) 10/18/2023 08:31:27.323 Dtool> Info: Copy [C:\Program Files (x86)\Trend Micro\Security Agent\dlplite\hotfix\x64\system32\dgagent\7z.dll] to [C:\Windows\system32\dgagent\7z.dll]
(18724) 10/18/2023 08:31:27.325 Dtool> Info: Copy [C:\Program Files (x86)\Trend Micro\Security Agent\dlplite\hotfix\x64\system32\dgagent\7z.exe] to [C:\Windows\system32\dgagent\7z.exe]
(18724) 10/18/2023 08:31:27.326 Dtool> Info: Copy [C:\Program Files (x86)\Trend Micro\Security Agent\dlplite\hotfix\x64\system32\dgagent\apihookstub.x64.dll] to [C:\Windows\system32\dgagent\apihookstub.x64.dll]
(18724) 10/18/2023 08:31:27.326 Dtool> Info: Copy [C:\Program Files (x86)\Trend Micro\Security Agent\dlplite\hotfix\x64\system32\dgagent\archive_7z.dll] to [C:\Windows\system32\dgagent\archive_7z.dll]
(18724) 10/18/2023 08:31:27.327 Dtool> Info: Copy [C:\Program Files (x86)\Trend Micro\Security Agent\dlplite\hotfix\x64\system32\dgagent\archive_vsapi.dll] to [C:\Windows\system32\dgagent\archive_vsapi.dll]
(18724) 10/18/2023 08:31:27.328 Dtool> Info: Copy [C:\Program Files (x86)\Trend Micro\Security Agent\dlplite\hotfix\x64\system32\dgagent\browser_pattern.xml] to [C:\Windows\system32\dgagent\browser_pattern.xml]
(18724) 10/18/2023 08:31:27.329 Dtool> Info: Copy [C:\Program Files (x86)\Trend Micro\Security Agent\dlplite\hotfix\x64\system32\dgagent\cme_vxe_dll.dll] to [C:\Windows\system32\dgagent\cme_vxe_dll.dll]
(18724) 10/18/2023 08:31:27.330 Dtool> Info: Copy [C:\Program Files (x86)\Trend Micro\Security Agent\dlplite\hotfix\x64\system32\dgagent\converter.pro] to [C:\Windows\system32\dgagent\converter.pro]
(18724) 10/18/2023 08:31:27.331 Dtool> Info: Copy [C:\Program Files (x86)\Trend Micro\Security Agent\dlplite\hotfix\x64\system32\dgagent\datadiscovery.exe] to [C:\Windows\system32\dgagent\datadiscovery.exe]
(18724) 10/18/2023 08:31:27.333 Dtool> Info: Copy [C:\Program Files (x86)\Trend Micro\Security Agent\dlplite\hotfix\x64\system32\dgagent\dbghelp.dll] to [C:\Windows\system32\dgagent\dbghelp.dll]
(18724) 10/18/2023 08:31:27.334 Dtool> Info: Copy [C:\Program Files (x86)\Trend Micro\Security Agent\dlplite\hotfix\x64\system32\dgagent\dgagent\showmsg.exe] to [C:\Windows\system32\dgagent\dgagent\showmsg.exe]
(18724) 10/18/2023 08:31:27.336 Dtool> Info: Copy [C:\Program Files (x86)\Trend Micro\Security Agent\dlplite\hotfix\x64\system32\dgagent\dlpconverter_dt.dll] to [C:\Windows\system32\dgagent\dlpconverter_dt.dll]
(18724) 10/18/2023 08:31:27.337 Dtool> Info: Copy [C:\Program Files (x86)\Trend Micro\Security Agent\dlplite\hotfix\x64\system32\dgagent\dlpdrvif.dll] to [C:\Windows\system32\dgagent\dlpdrvif.dll]
(18724) 10/18/2023 08:31:27.337 Dtool> Info: Copy [C:\Program Files (x86)\Trend Micro\Security Agent\dlplite\hotfix\x64\system32\dgagent\dlpexaddin.x64.dll] to [C:\Windows\system32\dgagent\dlpexaddin.x64.dll]
(18724) 10/18/2023 08:31:27.338 Dtool> Info: Copy [C:\Program Files (x86)\Trend Micro\Security Agent\dlplite\hotfix\x64\system32\dgagent\dlphook.x64.dll] to [C:\Windows\system32\dgagent\dlphook.x64.dll]
(18724) 10/18/2023 08:31:27.339 Dtool> Info: Copy [C:\Program Files (x86)\Trend Micro\Security Agent\dlplite\hotfix\x64\system32\dgagent\dlpwpdfltr\dlpwpdfltr.cat] to [C:\Windows\system32\dgagent\dlpwpdfltr\dlpwpdfltr.cat]
(18724) 10/18/2023 08:31:27.340 Dtool> Info: Copy [C:\Program Files (x86)\Trend Micro\Security Agent\dlplite\hotfix\x64\system32\dgagent\dlpwpdfltr\dlpwpdfltr.inf] to [C:\Windows\system32\dgagent\dlpwpdfltr\dlpwpdfltr.inf]
(18724) 10/18/2023 08:31:27.340 Dtool> Info: Copy [C:\Program Files (x86)\Trend Micro\Security Agent\dlplite\hotfix\x64\system32\dgagent\dlpwpdfltr\dlpwpdfltr.sys] to [C:\Windows\system32\dgagent\dlpwpdfltr\dlpwpdfltr.sys]
(18724) 10/18/2023 08:31:27.341 Dtool> Info: Copy [C:\Program Files (x86)\Trend Micro\Security Agent\dlplite\hotfix\x64\system32\dgagent\dlpwpdfltr\WDFRedist\KMDF-1.9\Microsoft Kernel-Mode Driver Framework Install-v1.9-Vista.msu] to [C:\Windows\system32\dgagent\dlpwpdfltr\WDFRedist\KMDF-1.9\Microsoft Kernel-Mode Driver Framework Install-v1.9-Vista.msu]
(18724) 10/18/2023 08:31:27.342 Dtool> Info: Copy [C:\Program Files (x86)\Trend Micro\Security Agent\dlplite\hotfix\x64\system32\dgagent\dlpwpdfltr\WDFRedist\KMDF-1.9\Microsoft Kernel-Mode Driver Framework Install-v1.9-Win2k-WinXP-Win2k3.exe] to [C:\Windows\system32\dgagent\dlpwpdfltr\WDFRedist\KMDF-1.9\Microsoft Kernel-Mode Driver Framework Install-v1.9-Win2k-WinXP-Win2k3.exe]
(18724) 10/18/2023 08:31:27.344 Dtool> Info: Copy [C:\Program Files (x86)\Trend Micro\Security Agent\dlplite\hotfix\x64\system32\dgagent\dlpwpdfltr\WDFRedist\UMDF-1.9\Microsoft User-Mode Driver Framework Install-v1.9-Vista.msu] to [C:\Windows\system32\dgagent\dlpwpdfltr\WDFRedist\UMDF-1.9\Microsoft User-Mode Driver Framework Install-v1.9-Vista.msu]
(18724) 10/18/2023 08:31:27.345 Dtool> Info: Copy [C:\Program Files (x86)\Trend Micro\Security Agent\dlplite\hotfix\x64\system32\dgagent\dlpwpdfltr\WDFRedist\UMDF-1.9\Microsoft User-Mode Driver Framework Install-v1.9-WinXP-Srv03.exe] to [C:\Windows\system32\dgagent\dlpwpdfltr\WDFRedist\UMDF-1.9\Microsoft User-Mode Driver Framework Install-v1.9-WinXP-Srv03.exe]
(18724) 10/18/2023 08:31:27.346 Dtool> Info: Copy [C:\Program Files (x86)\Trend Micro\Security Agent\dlplite\hotfix\x64\system32\dgagent\dlpwpdfltr\WDFRedist\USBCoInstaller2\WinUSB.exe] to [C:\Windows\system32\dgagent\dlpwpdfltr\WDFRedist\USBCoInstaller2\WinUSB.exe]
(18724) 10/18/2023 08:31:27.346 Dtool> Info: Copy [C:\Program Files (x86)\Trend Micro\Security Agent\dlplite\hotfix\x64\system32\dgagent\dlpwpdfltr\WDFRedist\USBCoInstaller2\WinUSB_1.9.msu] to [C:\Windows\system32\dgagent\dlpwpdfltr\WDFRedist\USBCoInstaller2\WinUSB_1.9.msu]
(18724) 10/18/2023 08:31:27.347 Dtool> Info: Copy [C:\Program Files (x86)\Trend Micro\Security Agent\dlplite\hotfix\x64\system32\dgagent\dlp_telemetry.dll] to [C:\Windows\system32\dgagent\dlp_telemetry.dll]
(18724) 10/18/2023 08:31:27.347 Dtool> Info: Copy [C:\Program Files (x86)\Trend Micro\Security Agent\dlplite\hotfix\x64\system32\dgagent\dlp_utils.dll] to [C:\Windows\system32\dgagent\dlp_utils.dll]
(18724) 10/18/2023 08:31:27.348 Dtool> Info: Copy [C:\Program Files (x86)\Trend Micro\Security Agent\dlplite\hotfix\x64\system32\dgagent\dsagent.exe] to [C:\Windows\system32\dgagent\dsagent.exe]
(18724) 10/18/2023 08:31:27.352 Dtool> Info: Copy [C:\Program Files (x86)\Trend Micro\Security Agent\dlplite\hotfix\x64\system32\dgagent\dtengine64.dll] to [C:\Windows\system32\dgagent\dtengine64.dll]
(18724) 10/18/2023 08:31:27.357 Dtool> Info: Copy [C:\Program Files (x86)\Trend Micro\Security Agent\dlplite\hotfix\x64\system32\dgagent\dtoop.exe] to [C:\Windows\system32\dgagent\dtoop.exe]
(18724) 10/18/2023 08:31:27.358 Dtool> Info: Copy [C:\Program Files (x86)\Trend Micro\Security Agent\dlplite\hotfix\x64\system32\dgagent\FEAPI.dll] to [C:\Windows\system32\dgagent\FEAPI.dll]
(18724) 10/18/2023 08:31:27.358 Dtool> Info: Copy [C:\Program Files (x86)\Trend Micro\Security Agent\dlplite\hotfix\x64\system32\dgagent\FECmd.exe] to [C:\Windows\system32\dgagent\FECmd.exe]
(18724) 10/18/2023 08:31:27.359 Dtool> Info: Copy [C:\Program Files (x86)\Trend Micro\Security Agent\dlplite\hotfix\x64\system32\dgagent\icudt68.dll] to [C:\Windows\system32\dgagent\icudt68.dll]
(18724) 10/18/2023 08:31:27.373 Dtool> Info: Copy [C:\Program Files (x86)\Trend Micro\Security Agent\dlplite\hotfix\x64\system32\dgagent\icudt71.dll] to [C:\Windows\system32\dgagent\icudt71.dll]
(18724) 10/18/2023 08:31:27.391 Dtool> Info: Copy [C:\Program Files (x86)\Trend Micro\Security Agent\dlplite\hotfix\x64\system32\dgagent\icuin68.dll] to [C:\Windows\system32\dgagent\icuin68.dll]
(18724) 10/18/2023 08:31:27.393 Dtool> Info: Copy [C:\Program Files (x86)\Trend Micro\Security Agent\dlplite\hotfix\x64\system32\dgagent\icuin71.dll] to [C:\Windows\system32\dgagent\icuin71.dll]
(18724) 10/18/2023 08:31:27.395 Dtool> Info: Copy [C:\Program Files (x86)\Trend Micro\Security Agent\dlplite\hotfix\x64\system32\dgagent\icuuc68.dll] to [C:\Windows\system32\dgagent\icuuc68.dll]
(18724) 10/18/2023 08:31:27.396 Dtool> Info: Copy [C:\Program Files (x86)\Trend Micro\Security Agent\dlplite\hotfix\x64\system32\dgagent\icuuc71.dll] to [C:\Windows\system32\dgagent\icuuc71.dll]
(18724) 10/18/2023 08:31:27.397 Dtool> Info: Copy [C:\Program Files (x86)\Trend Micro\Security Agent\dlplite\hotfix\x64\system32\dgagent\immessagehook.dll] to [C:\Windows\system32\dgagent\immessagehook.dll]
(18724) 10/18/2023 08:31:27.398 Dtool> Info: Copy [C:\Program Files (x86)\Trend Micro\Security Agent\dlplite\hotfix\x64\system32\dgagent\inetftpparser.dll] to [C:\Windows\system32\dgagent\inetftpparser.dll]
(18724) 10/18/2023 08:31:27.399 Dtool> Info: Copy [C:\Program Files (x86)\Trend Micro\Security Agent\dlplite\hotfix\x64\system32\dgagent\inethttpparser.dll] to [C:\Windows\system32\dgagent\inethttpparser.dll]
(18724) 10/18/2023 08:31:27.401 Dtool> Info: Copy [C:\Program Files (x86)\Trend Micro\Security Agent\dlplite\hotfix\x64\system32\dgagent\inetrapiparser.dll] to [C:\Windows\system32\dgagent\inetrapiparser.dll]
(18724) 10/18/2023 08:31:27.402 Dtool> Info: Copy [C:\Program Files (x86)\Trend Micro\Security Agent\dlplite\hotfix\x64\system32\dgagent\inetsmtpparser.dll] to [C:\Windows\system32\dgagent\inetsmtpparser.dll]
(18724) 10/18/2023 08:31:27.403 Dtool> Info: Copy [C:\Program Files (x86)\Trend Micro\Security Agent\dlplite\hotfix\x64\system32\dgagent\inetsyncfile.dll] to [C:\Windows\system32\dgagent\inetsyncfile.dll]
(18724) 10/18/2023 08:31:27.404 Dtool> Info: Copy [C:\Program Files (x86)\Trend Micro\Security Agent\dlplite\hotfix\x64\system32\dgagent\listdeviceinfo.exe] to [C:\Windows\system32\dgagent\listdeviceinfo.exe]
(18724) 10/18/2023 08:31:27.405 Dtool> Info: Copy [C:\Program Files (x86)\Trend Micro\Security Agent\dlplite\hotfix\x64\system32\dgagent\msvcp140.dll] to [C:\Windows\system32\dgagent\msvcp140.dll]
(18724) 10/18/2023 08:31:27.406 Dtool> Info: Copy [C:\Program Files (x86)\Trend Micro\Security Agent\dlplite\hotfix\x64\system32\dgagent\nmem.dll] to [C:\Windows\system32\dgagent\nmem.dll]
(18724) 10/18/2023 08:31:27.407 Dtool> Info: Copy [C:\Program Files (x86)\Trend Micro\Security Agent\dlplite\hotfix\x64\system32\dgagent\removeworkingdirectory.exe] to [C:\Windows\system32\dgagent\removeworkingdirectory.exe]
(18724) 10/18/2023 08:31:27.407 Dtool> Info: Copy [C:\Program Files (x86)\Trend Micro\Security Agent\dlplite\hotfix\x64\system32\dgagent\showmsg.exe] to [C:\Windows\system32\dgagent\showmsg.exe]
(18724) 10/18/2023 08:31:27.409 Dtool> Info: Copy [C:\Program Files (x86)\Trend Micro\Security Agent\dlplite\hotfix\x64\system32\dgagent\tmdevctrl.dll] to [C:\Windows\system32\dgagent\tmdevctrl.dll]
(18724) 10/18/2023 08:31:27.410 Dtool> Info: Skip copy tmdlpe.ptn
(18724) 10/18/2023 08:31:27.410 Dtool> Info: Copy [C:\Program Files (x86)\Trend Micro\Security Agent\dlplite\hotfix\x64\system32\dgagent\tmdsmengine.dll] to [C:\Windows\system32\dgagent\tmdsmengine.dll]
(18724) 10/18/2023 08:31:27.410 Dtool> Info: Copy [C:\Program Files (x86)\Trend Micro\Security Agent\dlplite\hotfix\x64\system32\dgagent\tmpeenum.xml] to [C:\Windows\system32\dgagent\tmpeenum.xml]
(18724) 10/18/2023 08:31:27.411 Dtool> Info: Copy [C:\Program Files (x86)\Trend Micro\Security Agent\dlplite\hotfix\x64\system32\dgagent\upgradecleaner.exe] to [C:\Windows\system32\dgagent\upgradecleaner.exe]
(18724) 10/18/2023 08:31:27.411 Dtool> Info: Copy [C:\Program Files (x86)\Trend Micro\Security Agent\dlplite\hotfix\x64\system32\dgagent\vcruntime140.dll] to [C:\Windows\system32\dgagent\vcruntime140.dll]
(18724) 10/18/2023 08:31:27.412 Dtool> Info: Copy [C:\Program Files (x86)\Trend Micro\Security Agent\dlplite\hotfix\x64\system32\dgagent\vcruntime140_1.dll] to [C:\Windows\system32\dgagent\vcruntime140_1.dll]
(18724) 10/18/2023 08:31:27.412 Dtool> Info: Copy [C:\Program Files (x86)\Trend Micro\Security Agent\dlplite\hotfix\x64\system32\dlp_utils.dll] to [C:\Windows\system32\dlp_utils.dll]
(18724) 10/18/2023 08:31:27.413 Dtool> Info: Copy [C:\Program Files (x86)\Trend Micro\Security Agent\dlplite\hotfix\x64\system32\immessagehook.dll] to [C:\Windows\system32\immessagehook.dll]
(18724) 10/18/2023 08:31:27.413 Dtool> Info: Copy [C:\Program Files (x86)\Trend Micro\Security Agent\dlplite\hotfix\x64\system32\showmsg.exe] to [C:\Windows\system32\showmsg.exe]
(18724) 10/18/2023 08:31:27.415 TmDlpUpdate> Info: [TmDlpeUpdateAgentEx] Copy files success!! @tmdlpupdate.cpp(1379)
(18724) 10/18/2023 08:31:27.415 TmDlpUpdate> Info: [updateWPDDriver] No need to update dlpwpdfltr driver!! @tmdlpupdate.cpp(1254)
(18724) 10/18/2023 08:31:27.415 Dtool> Err : path : C:\Windows\system32\dgagent\SDKDevCtrl.typ
(18724) 10/18/2023 08:31:27.416 TmDlpUpdate> Info: [updateServiceDependency] Add driver dependency to DSAsvc success!! @tmdlpupdate.cpp(1271)
(18724) 10/18/2023 08:31:27.416 TmDlpUpdate> Info: isServiceRunning()@ln:622> Service [SAKFile] was running, state:[4].
(18724) 10/18/2023 08:31:27.416 Dtool> Info: [Reboot Copy] file : \??\C:\Program Files (x86)\Trend Micro\Security Agent\TmEngDrv.dll.old
(18724) 10/18/2023 08:31:27.416 Dtool> Info: [Reboot Copy] file : 
(18724) 10/18/2023 08:31:27.416 Dtool> Info: [Reboot Copy] file : \??\C:\Program Files (x86)\Microsoft\Edge\Temp\scoped_dir4552_1724857814\old_msedge.exe
(18724) 10/18/2023 08:31:27.416 Dtool> Info: [Reboot Copy] file : 
(18724) 10/18/2023 08:31:27.416 Dtool> Info: [Reboot Copy] file : \??\C:\Program Files (x86)\Microsoft\Edge\Temp\scoped_dir4552_1724857814
(18724) 10/18/2023 08:31:27.416 Dtool> Info: [Reboot Copy] file : 
(18724) 10/18/2023 08:31:27.416 Dtool> Info: [Reboot Copy] file : \??\C:\Program Files (x86)\Microsoft\Edge\Temp
(18724) 10/18/2023 08:31:27.416 Dtool> Info: [Reboot Copy] file : 
(18724) 10/18/2023 08:31:27.416 Dtool> Info: [Reboot Copy] file : \??\C:\Program Files\Google\Chrome\Temp\scoped_dir2968_151229494\old_chrome.exe
(18724) 10/18/2023 08:31:27.416 Dtool> Info: [Reboot Copy] file : 
(18724) 10/18/2023 08:31:27.416 Dtool> Info: [Reboot Copy] file : \??\C:\Program Files\Google\Chrome\Temp\scoped_dir2968_151229494
(18724) 10/18/2023 08:31:27.416 Dtool> Info: [Reboot Copy] file : 
(18724) 10/18/2023 08:31:27.416 Dtool> Info: [Reboot Copy] file : \??\C:\Program Files\Google\Chrome\Temp
(18724) 10/18/2023 08:31:27.416 Dtool> Info: [Reboot Copy] file : 
(18724) 10/18/2023 08:31:27.416 Dtool> Info: [Reboot Copy] file : \??\C:\Windows\Temp\392c8166-9727-4148-9645-16ff4a4d3bc6.tmp
(18724) 10/18/2023 08:31:27.416 Dtool> Info: [Reboot Copy] file : 
(18724) 10/18/2023 08:31:27.416 Dtool> Info: [Reboot Copy] file : \??\C:\Windows\Temp\c94203b3-1469-4c92-9690-2906da018a20.tmp
(18724) 10/18/2023 08:31:27.416 Dtool> Info: [Reboot Copy] file : 
(18724) 10/18/2023 08:31:27.416 Dtool> Info: [Reboot Copy] file : \??\C:\Windows\Temp\6881db3a-6b13-408d-a36f-8727d9afc3ca.tmp
(18724) 10/18/2023 08:31:27.416 Dtool> Info: [Reboot Copy] file : 
(18724) 10/18/2023 08:31:27.416 Dtool> Info: [Reboot Copy] file : \??\C:\Windows\Temp\bf5e7826-bd70-42e0-b958-be5a1ca999ba.tmp
(18724) 10/18/2023 08:31:27.416 Dtool> Info: [Reboot Copy] file : 
(18724) 10/18/2023 08:31:27.416 Dtool> Info: [Reboot Copy] file : \??\C:\Windows\Temp\558bcafa-9256-4975-b5ea-234e245c447c.tmp
(18724) 10/18/2023 08:31:27.416 Dtool> Info: [Reboot Copy] file : 
(18724) 10/18/2023 08:31:27.416 Dtool> Info: [Reboot Copy] file : \??\C:\Program Files (x86)\Microsoft\Edge\Temp\scoped_dir15588_1503501336\old_msedge.exe
(18724) 10/18/2023 08:31:27.416 Dtool> Info: [Reboot Copy] file : 
(18724) 10/18/2023 08:31:27.416 Dtool> Info: [Reboot Copy] file : \??\C:\Program Files (x86)\Microsoft\Edge\Temp\scoped_dir15588_1503501336
(18724) 10/18/2023 08:31:27.416 Dtool> Info: [Reboot Copy] file : 
(18724) 10/18/2023 08:31:27.416 Dtool> Info: [Reboot Copy] file : \??\C:\Program Files (x86)\Microsoft\Edge\Temp
(18724) 10/18/2023 08:31:27.416 Dtool> Info: [Reboot Copy] file : 
(18724) 10/18/2023 08:31:27.416 Dtool> Info: [Reboot Copy] file : \??\C:\Windows\Temp\794ee335-e342-48a8-b4ce-593c809001aa.tmp
(18724) 10/18/2023 08:31:27.416 Dtool> Info: [Reboot Copy] file : 
(18724) 10/18/2023 08:31:27.416 Dtool> Info: [Reboot Copy] file : \??\C:\Program Files\Google\Chrome\Temp\scoped_dir34140_800763014\old_chrome.exe
(18724) 10/18/2023 08:31:27.416 Dtool> Info: [Reboot Copy] file : 
(18724) 10/18/2023 08:31:27.416 Dtool> Info: [Reboot Copy] file : \??\C:\Program Files\Google\Chrome\Temp\scoped_dir34140_800763014
(18724) 10/18/2023 08:31:27.416 Dtool> Info: [Reboot Copy] file : 
(18724) 10/18/2023 08:31:27.416 Dtool> Info: [Reboot Copy] file : \??\C:\Program Files\Google\Chrome\Temp
(18724) 10/18/2023 08:31:27.416 Dtool> Info: [Reboot Copy] file : 
(18724) 10/18/2023 08:31:27.416 Dtool> Info: [Reboot Copy] file : \??\C:\Program Files (x86)\Microsoft\Edge\Temp\scoped_dir2996_275760379\old_msedge.exe
(18724) 10/18/2023 08:31:27.416 Dtool> Info: [Reboot Copy] file : 
(18724) 10/18/2023 08:31:27.416 Dtool> Info: [Reboot Copy] file : \??\C:\Program Files (x86)\Microsoft\Edge\Temp\scoped_dir2996_275760379
(18724) 10/18/2023 08:31:27.416 Dtool> Info: [Reboot Copy] file : 
(18724) 10/18/2023 08:31:27.416 Dtool> Info: [Reboot Copy] file : \??\C:\Program Files (x86)\Microsoft\Edge\Temp
(18724) 10/18/2023 08:31:27.416 Dtool> Info: [Reboot Copy] file : 
(18724) 10/18/2023 08:31:27.416 Dtool> Info: [Reboot Copy] file : \??\C:\Windows\Temp\15b96413-b1a6-4f8a-b8a1-3ae6188271be.tmp
(18724) 10/18/2023 08:31:27.416 Dtool> Info: [Reboot Copy] file : 
(18724) 10/18/2023 08:31:27.416 Dtool> Info: [Reboot Copy] file : 
(13336) 11/15/2023 10:04:49.559 TmDlpUpdate> Info: InitGlobalVars()@ln:991> Get package path = "C:\Program Files (x86)\Trend Micro\Security Agent\dlplite\hotfix\"
(13336) 11/15/2023 10:04:49.566 TmDlpUpdate> Info: InitGlobalVars()@ln:998> Get ini path = "C:\Program Files (x86)\Trend Micro\Security Agent\dlplite\hotfix\dgPatch.ini"
(13336) 11/15/2023 10:04:49.566 TmDlpUpdate> Info: InitGlobalVars()@ln:1012> Get win dir = "C:\Windows", Set working dir = "C:\Program Files (x86)\Trend Micro\Security Agent\dlplite\hotfix\x64"
(13336) 11/15/2023 10:04:49.566 TmDlpUpdate> Info: InitGlobalVars()@ln:1014> Reading dgpatch.ini...
(13336) 11/15/2023 10:04:49.566 TmDlpUpdate> Info: InitGlobalVars()@ln:1018> g_strWorkingDirectoryEx = <C:\Program Files (x86)\Trend Micro\Security Agent\dlplite\hotfix\x64>
(13336) 11/15/2023 10:04:49.566 TmDlpUpdate> Info: InitGlobalVars()@ln:1019> g_strDgPatchIniPathEx = <C:\Program Files (x86)\Trend Micro\Security Agent\dlplite\hotfix\dgPatch.ini>
(13336) 11/15/2023 10:04:49.566 TmDlpUpdate> Info: InitGlobalVars()@ln:1020> g_strWinDirEx = <C:\Windows>
(13336) 11/15/2023 10:04:49.566 TmDlpUpdate> Info: InitSourcePackage()@ln:935> Package full path = <C:\Program Files (x86)\Trend Micro\Security Agent\dlplite\hotfix\>, Windows root full path = <C:\Windows> => Copy to DLP Hotfix Repository = <0>
(13336) 11/15/2023 10:04:49.566 TmDlpUpdate> Info: [stopDLPService] Stop DLP service <Discsvc>! @tmdlpupdate.cpp(1119)
(13336) 11/15/2023 10:04:49.567 TmDlpUpdate> Info: [stopDLPService] Service <Discsvc> already stopped! No action can be done! @tmdlpupdate.cpp(1141)
(13336) 11/15/2023 10:04:49.567 TmDlpUpdate> Info: [stopDLPService] Stop DLP service <DSASvc>! @tmdlpupdate.cpp(1119)
(13336) 11/15/2023 10:04:49.567 TmDlpUpdate> Info: isServiceRunning()@ln:627> Service [DSASvc] was stopped.
(13336) 11/15/2023 10:04:49.567 TmDlpUpdate> Info: [stopDLPService] Service <DSASvc> already stopped! No action can be done! @tmdlpupdate.cpp(1141)
(13336) 11/15/2023 10:04:49.571 Dtool> Info: Total Processes Number 285
(13336) 11/15/2023 10:04:49.576 TmDlpUpdate> Err : [stopDLPService] Kill ShowMsg.exe failed! @tmdlpupdate.cpp(1149)
(13336) 11/15/2023 10:04:49.576 Dtool> Err : path : C:\Windows\system32\dgagent\SDKDevCtrl.typ
(13336) 11/15/2023 10:04:49.576 TmDlpUpdate> Info: SlimPackageForDC()@ln:898> Delete file [C:\Program Files (x86)\Trend Micro\Security Agent\dlplite\hotfix\x64\system32\ApiHookStub.x64.dll]
(13336) 11/15/2023 10:04:49.577 TmDlpUpdate> Info: SlimPackageForDC()@ln:898> Delete file [C:\Program Files (x86)\Trend Micro\Security Agent\dlplite\hotfix\x64\system32\dlpexaddin.x64.dll]
(13336) 11/15/2023 10:04:49.577 TmDlpUpdate> Info: SlimPackageForDC()@ln:898> Delete file [C:\Program Files (x86)\Trend Micro\Security Agent\dlplite\hotfix\x64\system32\dlphook.x64.dll]
(13336) 11/15/2023 10:04:49.577 TmDlpUpdate> Info: SlimPackageForDC()@ln:898> Delete file [C:\Program Files (x86)\Trend Micro\Security Agent\dlplite\hotfix\x64\system32\drivers\dlpnetfltr.sys]
(13336) 11/15/2023 10:04:49.577 TmDlpUpdate> Info: SlimPackageForDC()@ln:898> Delete file [C:\Program Files (x86)\Trend Micro\Security Agent\dlplite\hotfix\x64\system32\drivers\sakcd.sys]
(13336) 11/15/2023 10:04:49.577 TmDlpUpdate> Info: SlimPackageForDC()@ln:905> Delete files under directory [C:\Program Files (x86)\Trend Micro\Security Agent\dlplite\hotfix\x64\SysWOW64]
(13336) 11/15/2023 10:04:49.577 Dtool> Info: Remove [C:\Program Files (x86)\Trend Micro\Security Agent\dlplite\hotfix\x64\SysWOW64\apihookstub.x86.dll]
(13336) 11/15/2023 10:04:49.578 Dtool> Info: Remove [C:\Program Files (x86)\Trend Micro\Security Agent\dlplite\hotfix\x64\SysWOW64\dlpexaddin.x86.dll]
(13336) 11/15/2023 10:04:49.578 Dtool> Info: Remove [C:\Program Files (x86)\Trend Micro\Security Agent\dlplite\hotfix\x64\SysWOW64\dlphook.x86.dll]
(13336) 11/15/2023 10:04:49.578 Dtool> Info: Remove [C:\Program Files (x86)\Trend Micro\Security Agent\dlplite\hotfix\x64\SysWOW64\dlp_utils.dll]
(13336) 11/15/2023 10:04:49.578 Dtool> Info: Remove [C:\Program Files (x86)\Trend Micro\Security Agent\dlplite\hotfix\x64\SysWOW64\immessagehook.dll]
(13336) 11/15/2023 10:04:49.578 Dtool> Info: Remove [C:\Program Files (x86)\Trend Micro\Security Agent\dlplite\hotfix\x64\SysWOW64\nmem.dll]
(13336) 11/15/2023 10:04:49.578 Dtool> Info: Remove [C:\Program Files (x86)\Trend Micro\Security Agent\dlplite\hotfix\x64\SysWOW64\showmix.dll]
(13336) 11/15/2023 10:04:49.580 TmDlpUpdate> Info: checkUpdatePackage()@ln:1099> File [C:\Program Files (x86)\Trend Micro\Security Agent\dlplite\hotfix\x64\system32\drivers\sakfile.sys] is newer than [C:\Windows\system32\drivers\sakfile.sys]
(13336) 11/15/2023 10:04:49.580 TmDlpUpdate> Info: isServiceRunning()@ln:622> Service [SAKFile] was running, state:[4].
(13336) 11/15/2023 10:04:49.580 TmDlpUpdate> Info: stopService()@ln:390> Stopping service [SAKFile]
(13336) 11/15/2023 10:04:49.595 TmDlpUpdate> Info: [TmDlpeUpdateAgentEx] Datfhs Path C:\Program Files (x86)\Trend Micro\Security Agent\DatFHS.dll, @tmdlpupdate.cpp(1361)
(13336) 11/15/2023 10:04:49.597 TmDlpUpdate> Info: [TrustCertMgr::CheckDLPBinaryIssuerForOneFile] Check file [C:\Program Files (x86)\Trend Micro\Security Agent\dlplite\hotfix\\x64\system32\dgagent\7z.dll], Version[18.5.0.0]  @trustcertmgr.cpp(714)
(13336) 11/15/2023 10:04:49.606 TmDlpUpdate> Info: [TrustCertMgr::CheckDLPBinaryIssuerForOneFile] Check file [C:\Program Files (x86)\Trend Micro\Security Agent\dlplite\hotfix\\x64\system32\dgagent\7z.exe], Version[18.5.0.0]  @trustcertmgr.cpp(714)
(13336) 11/15/2023 10:04:49.611 TmDlpUpdate> Info: [TrustCertMgr::CheckDLPBinaryIssuerForOneFile] Check file [C:\Program Files (x86)\Trend Micro\Security Agent\dlplite\hotfix\\x64\system32\dgagent\apihookstub.x64.dll], Version[6.2.0.5183]  @trustcertmgr.cpp(714)
(13336) 11/15/2023 10:04:49.615 TmDlpUpdate> Info: [TrustCertMgr::CheckDLPBinaryIssuerForOneFile] Check file [C:\Program Files (x86)\Trend Micro\Security Agent\dlplite\hotfix\\x64\system32\dgagent\archive_7z.dll], Version[6.2.0.5255]  @trustcertmgr.cpp(714)
(13336) 11/15/2023 10:04:49.619 TmDlpUpdate> Info: [TrustCertMgr::CheckDLPBinaryIssuerForOneFile] Check file [C:\Program Files (x86)\Trend Micro\Security Agent\dlplite\hotfix\\x64\system32\dgagent\archive_vsapi.dll], Version[6.2.0.5183]  @trustcertmgr.cpp(714)
(13336) 11/15/2023 10:04:49.623 TmDlpUpdate> Info: [TrustCertMgr::CheckDLPBinaryIssuerForOneFile] Check file [C:\Program Files (x86)\Trend Micro\Security Agent\dlplite\hotfix\\x64\system32\dgagent\cme_vxe_dll.dll], Version[6.2.0.5221]  @trustcertmgr.cpp(714)
(13336) 11/15/2023 10:04:49.630 TmDlpUpdate> Info: [TrustCertMgr::CheckDLPBinaryIssuerForOneFile] Check file [C:\Program Files (x86)\Trend Micro\Security Agent\dlplite\hotfix\\x64\system32\dgagent\datadiscovery.exe], Version[6.2.0.5279]  @trustcertmgr.cpp(714)
(13336) 11/15/2023 10:04:49.642 TmDlpUpdate> Info: [TrustCertMgr::CheckDLPBinaryIssuerForOneFile] Check file [C:\Program Files (x86)\Trend Micro\Security Agent\dlplite\hotfix\\x64\system32\dgagent\dbghelp.dll], Version[6.11.1.404]  @trustcertmgr.cpp(714)
(13336) 11/15/2023 10:04:49.648 TmDlpUpdate> Info: [TrustCertMgr::CheckDLPBinaryIssuerForOneFile] Check file [C:\Program Files (x86)\Trend Micro\Security Agent\dlplite\hotfix\\x64\system32\dgagent\dgagent\showmsg.exe], Version[6.2.0.5278]  @trustcertmgr.cpp(714)
(13336) 11/15/2023 10:04:49.655 TmDlpUpdate> Info: [TrustCertMgr::CheckDLPBinaryIssuerForOneFile] Check file [C:\Program Files (x86)\Trend Micro\Security Agent\dlplite\hotfix\\x64\system32\dgagent\dlpconverter_dt.dll], Version[6.2.0.5278]  @trustcertmgr.cpp(714)
(13336) 11/15/2023 10:04:49.659 TmDlpUpdate> Info: [TrustCertMgr::CheckDLPBinaryIssuerForOneFile] Check file [C:\Program Files (x86)\Trend Micro\Security Agent\dlplite\hotfix\\x64\system32\dgagent\dlpdrvif.dll], Version[6.2.0.5278]  @trustcertmgr.cpp(714)
(13336) 11/15/2023 10:04:49.662 TmDlpUpdate> Info: [TrustCertMgr::CheckDLPBinaryIssuerForOneFile] Check file [C:\Program Files (x86)\Trend Micro\Security Agent\dlplite\hotfix\\x64\system32\dgagent\dlpexaddin.x64.dll], Version[6.2.0.5255]  @trustcertmgr.cpp(714)
(13336) 11/15/2023 10:04:49.667 TmDlpUpdate> Info: [TrustCertMgr::CheckDLPBinaryIssuerForOneFile] Check file [C:\Program Files (x86)\Trend Micro\Security Agent\dlplite\hotfix\\x64\system32\dgagent\dlphook.x64.dll], Version[6.2.0.5276]  @trustcertmgr.cpp(714)
(13336) 11/15/2023 10:04:49.679 TmDlpUpdate> Info: [TrustCertMgr::CheckDLPBinaryIssuerForOneFile] Check file [C:\Program Files (x86)\Trend Micro\Security Agent\dlplite\hotfix\\x64\system32\dgagent\dlpwpdfltr\dlpwpdfltr.sys], Version[6.2.0.5262]  @trustcertmgr.cpp(714)
(13336) 11/15/2023 10:04:49.689 TmDlpUpdate> Info: [TrustCertMgr::CheckDLPBinaryIssuerForOneFile] Check file [C:\Program Files (x86)\Trend Micro\Security Agent\dlplite\hotfix\\x64\system32\dgagent\dlpwpdfltr\WDFRedist\KMDF-1.9\Microsoft Kernel-Mode Driver Framework Install-v1.9-Win2k-WinXP-Win2k3.exe], Version[6.3.15.0]  @trustcertmgr.cpp(714)
(13336) 11/15/2023 10:04:49.693 TmDlpUpdate> Info: [TrustCertMgr::CheckDLPBinaryIssuerForOneFile] Check file [C:\Program Files (x86)\Trend Micro\Security Agent\dlplite\hotfix\\x64\system32\dgagent\dlpwpdfltr\WDFRedist\UMDF-1.9\Microsoft User-Mode Driver Framework Install-v1.9-WinXP-Srv03.exe], Version[6.3.15.0]  @trustcertmgr.cpp(714)
(13336) 11/15/2023 10:04:49.697 TmDlpUpdate> Info: [TrustCertMgr::CheckDLPBinaryIssuerForOneFile] Check file [C:\Program Files (x86)\Trend Micro\Security Agent\dlplite\hotfix\\x64\system32\dgagent\dlpwpdfltr\WDFRedist\USBCoInstaller2\WinUSB.exe], Version[6.3.15.0]  @trustcertmgr.cpp(714)
(13336) 11/15/2023 10:04:49.700 TmDlpUpdate> Info: [TrustCertMgr::CheckDLPBinaryIssuerForOneFile] Check file [C:\Program Files (x86)\Trend Micro\Security Agent\dlplite\hotfix\\x64\system32\dgagent\dlp_telemetry.dll], Version[6.2.0.5183]  @trustcertmgr.cpp(714)
(13336) 11/15/2023 10:04:49.703 TmDlpUpdate> Info: [TrustCertMgr::CheckDLPBinaryIssuerForOneFile] Check file [C:\Program Files (x86)\Trend Micro\Security Agent\dlplite\hotfix\\x64\system32\dgagent\dlp_utils.dll], Version[6.2.0.5268]  @trustcertmgr.cpp(714)
(13336) 11/15/2023 10:04:49.709 TmDlpUpdate> Info: [TrustCertMgr::CheckDLPBinaryIssuerForOneFile] Check file [C:\Program Files (x86)\Trend Micro\Security Agent\dlplite\hotfix\\x64\system32\dgagent\dsagent.exe], Version[6.2.0.5279]  @trustcertmgr.cpp(714)
(13336) 11/15/2023 10:04:49.724 TmDlpUpdate> Info: [TrustCertMgr::CheckDLPBinaryIssuerForOneFile] Check file [C:\Program Files (x86)\Trend Micro\Security Agent\dlplite\hotfix\\x64\system32\dgagent\dtengine64.dll], Version[7.2201.8749.1]  @trustcertmgr.cpp(714)
(13336) 11/15/2023 10:04:49.740 TmDlpUpdate> Info: [TrustCertMgr::CheckDLPBinaryIssuerForOneFile] Check file [C:\Program Files (x86)\Trend Micro\Security Agent\dlplite\hotfix\\x64\system32\dgagent\dtoop.exe], Version[6.2.0.5278]  @trustcertmgr.cpp(714)
(13336) 11/15/2023 10:04:49.743 TmDlpUpdate> Info: [TrustCertMgr::CheckDLPBinaryIssuerForOneFile] Check file [C:\Program Files (x86)\Trend Micro\Security Agent\dlplite\hotfix\\x64\system32\dgagent\FEAPI.dll], Version[6.0.0.3030]  @trustcertmgr.cpp(714)
(13336) 11/15/2023 10:04:49.746 TmDlpUpdate> Info: [TrustCertMgr::CheckDLPBinaryIssuerForOneFile] Check file [C:\Program Files (x86)\Trend Micro\Security Agent\dlplite\hotfix\\x64\system32\dgagent\FECmd.exe], Version[6.0.0.3030]  @trustcertmgr.cpp(714)
(13336) 11/15/2023 10:04:49.763 TmDlpUpdate> Info: [TrustCertMgr::CheckDLPBinaryIssuerForOneFile] Check file [C:\Program Files (x86)\Trend Micro\Security Agent\dlplite\hotfix\\x64\system32\dgagent\icudt68.dll], Version[68.2.0.0]  @trustcertmgr.cpp(714)
(13336) 11/15/2023 10:04:49.815 TmDlpUpdate> Info: [TrustCertMgr::CheckDLPBinaryIssuerForOneFile] Check file [C:\Program Files (x86)\Trend Micro\Security Agent\dlplite\hotfix\\x64\system32\dgagent\icudt71.dll], Version[71.1.0.0]  @trustcertmgr.cpp(714)
(13336) 11/15/2023 10:04:49.895 TmDlpUpdate> Info: [TrustCertMgr::CheckDLPBinaryIssuerForOneFile] Check file [C:\Program Files (x86)\Trend Micro\Security Agent\dlplite\hotfix\\x64\system32\dgagent\icuin68.dll], Version[68.2.0.0]  @trustcertmgr.cpp(714)
(13336) 11/15/2023 10:04:49.909 TmDlpUpdate> Info: [TrustCertMgr::CheckDLPBinaryIssuerForOneFile] Check file [C:\Program Files (x86)\Trend Micro\Security Agent\dlplite\hotfix\\x64\system32\dgagent\icuin71.dll], Version[71.1.0.0]  @trustcertmgr.cpp(714)
(13336) 11/15/2023 10:04:49.937 TmDlpUpdate> Info: [TrustCertMgr::CheckDLPBinaryIssuerForOneFile] Check file [C:\Program Files (x86)\Trend Micro\Security Agent\dlplite\hotfix\\x64\system32\dgagent\icuuc68.dll], Version[68.2.0.0]  @trustcertmgr.cpp(714)
(13336) 11/15/2023 10:04:49.948 TmDlpUpdate> Info: [TrustCertMgr::CheckDLPBinaryIssuerForOneFile] Check file [C:\Program Files (x86)\Trend Micro\Security Agent\dlplite\hotfix\\x64\system32\dgagent\icuuc71.dll], Version[71.1.0.0]  @trustcertmgr.cpp(714)
(13336) 11/15/2023 10:04:49.956 TmDlpUpdate> Info: [TrustCertMgr::CheckDLPBinaryIssuerForOneFile] Check file [C:\Program Files (x86)\Trend Micro\Security Agent\dlplite\hotfix\\x64\system32\dgagent\immessagehook.dll], Version[6.2.0.5255]  @trustcertmgr.cpp(714)
(13336) 11/15/2023 10:04:49.962 TmDlpUpdate> Info: [TrustCertMgr::CheckDLPBinaryIssuerForOneFile] Check file [C:\Program Files (x86)\Trend Micro\Security Agent\dlplite\hotfix\\x64\system32\dgagent\inetftpparser.dll], Version[6.2.0.5278]  @trustcertmgr.cpp(714)
(13336) 11/15/2023 10:04:49.971 TmDlpUpdate> Info: [TrustCertMgr::CheckDLPBinaryIssuerForOneFile] Check file [C:\Program Files (x86)\Trend Micro\Security Agent\dlplite\hotfix\\x64\system32\dgagent\inethttpparser.dll], Version[6.2.0.5278]  @trustcertmgr.cpp(714)
(13336) 11/15/2023 10:04:49.979 TmDlpUpdate> Info: [TrustCertMgr::CheckDLPBinaryIssuerForOneFile] Check file [C:\Program Files (x86)\Trend Micro\Security Agent\dlplite\hotfix\\x64\system32\dgagent\inetrapiparser.dll], Version[6.2.0.5278]  @trustcertmgr.cpp(714)
(13336) 11/15/2023 10:04:49.987 TmDlpUpdate> Info: [TrustCertMgr::CheckDLPBinaryIssuerForOneFile] Check file [C:\Program Files (x86)\Trend Micro\Security Agent\dlplite\hotfix\\x64\system32\dgagent\inetsmtpparser.dll], Version[6.2.0.5278]  @trustcertmgr.cpp(714)
(13336) 11/15/2023 10:04:49.994 TmDlpUpdate> Info: [TrustCertMgr::CheckDLPBinaryIssuerForOneFile] Check file [C:\Program Files (x86)\Trend Micro\Security Agent\dlplite\hotfix\\x64\system32\dgagent\inetsyncfile.dll], Version[6.2.0.5278]  @trustcertmgr.cpp(714)
(13336) 11/15/2023 10:04:50.003 TmDlpUpdate> Info: [TrustCertMgr::CheckDLPBinaryIssuerForOneFile] Check file [C:\Program Files (x86)\Trend Micro\Security Agent\dlplite\hotfix\\x64\system32\dgagent\listdeviceinfo.exe], Version[6.2.0.5278]  @trustcertmgr.cpp(714)
(13336) 11/15/2023 10:04:50.018 TmDlpUpdate> Info: [TrustCertMgr::CheckDLPBinaryIssuerForOneFile] Check file [C:\Program Files (x86)\Trend Micro\Security Agent\dlplite\hotfix\\x64\system32\dgagent\msvcp140.dll], Version[14.27.29112.0]  @trustcertmgr.cpp(714)
(13336) 11/15/2023 10:04:50.024 TmDlpUpdate> Info: [TrustCertMgr::CheckDLPBinaryIssuerForOneFile] Check file [C:\Program Files (x86)\Trend Micro\Security Agent\dlplite\hotfix\\x64\system32\dgagent\nmem.dll], Version[6.2.0.5221]  @trustcertmgr.cpp(714)
(13336) 11/15/2023 10:04:50.029 TmDlpUpdate> Info: [TrustCertMgr::CheckDLPBinaryIssuerForOneFile] Check file [C:\Program Files (x86)\Trend Micro\Security Agent\dlplite\hotfix\\x64\system32\dgagent\removeworkingdirectory.exe], Version[6.2.0.5183]  @trustcertmgr.cpp(714)
(13336) 11/15/2023 10:04:50.037 TmDlpUpdate> Info: [TrustCertMgr::CheckDLPBinaryIssuerForOneFile] Check file [C:\Program Files (x86)\Trend Micro\Security Agent\dlplite\hotfix\\x64\system32\dgagent\showmsg.exe], Version[6.2.0.5278]  @trustcertmgr.cpp(714)
(13336) 11/15/2023 10:04:50.063 TmDlpUpdate> Info: [TrustCertMgr::CheckDLPBinaryIssuerForOneFile] Check file [C:\Program Files (x86)\Trend Micro\Security Agent\dlplite\hotfix\\x64\system32\dgagent\tmdevctrl.dll], Version[6.2.0.5278]  @trustcertmgr.cpp(714)
(13336) 11/15/2023 10:04:50.070 TmDlpUpdate> Info: [TrustCertMgr::CheckDLPBinaryIssuerForOneFile] Check file [C:\Program Files (x86)\Trend Micro\Security Agent\dlplite\hotfix\\x64\system32\dgagent\tmdsmengine.dll], Version[6.2.0.5183]  @trustcertmgr.cpp(714)
(13336) 11/15/2023 10:04:50.075 TmDlpUpdate> Info: [TrustCertMgr::CheckDLPBinaryIssuerForOneFile] Check file [C:\Program Files (x86)\Trend Micro\Security Agent\dlplite\hotfix\\x64\system32\dgagent\upgradecleaner.exe], Version[6.2.0.5183]  @trustcertmgr.cpp(714)
(13336) 11/15/2023 10:04:50.081 TmDlpUpdate> Info: [TrustCertMgr::CheckDLPBinaryIssuerForOneFile] Check file [C:\Program Files (x86)\Trend Micro\Security Agent\dlplite\hotfix\\x64\system32\dgagent\vcruntime140.dll], Version[14.27.29112.0]  @trustcertmgr.cpp(714)
(13336) 11/15/2023 10:04:50.092 TmDlpUpdate> Info: [TrustCertMgr::CheckDLPBinaryIssuerForOneFile] Check file [C:\Program Files (x86)\Trend Micro\Security Agent\dlplite\hotfix\\x64\system32\dgagent\vcruntime140_1.dll], Version[14.27.29112.0]  @trustcertmgr.cpp(714)
(13336) 11/15/2023 10:04:50.099 TmDlpUpdate> Info: [TrustCertMgr::CheckDLPBinaryIssuerForOneFile] Check file [C:\Program Files (x86)\Trend Micro\Security Agent\dlplite\hotfix\\x64\system32\dlp_utils.dll], Version[6.2.0.5255]  @trustcertmgr.cpp(714)
(13336) 11/15/2023 10:04:50.106 TmDlpUpdate> Info: [TrustCertMgr::CheckDLPBinaryIssuerForOneFile] Check file [C:\Program Files (x86)\Trend Micro\Security Agent\dlplite\hotfix\\x64\system32\drivers\sakfile.sys], Version[6.2.0.5276]  @trustcertmgr.cpp(714)
(13336) 11/15/2023 10:04:50.122 TmDlpUpdate> Info: [TrustCertMgr::CheckDLPBinaryIssuerForOneFile] Check file [C:\Program Files (x86)\Trend Micro\Security Agent\dlplite\hotfix\\x64\system32\immessagehook.dll], Version[6.2.0.5255]  @trustcertmgr.cpp(714)
(13336) 11/15/2023 10:04:50.129 TmDlpUpdate> Info: [TrustCertMgr::CheckDLPBinaryIssuerForOneFile] Check file [C:\Program Files (x86)\Trend Micro\Security Agent\dlplite\hotfix\\x64\system32\showmsg.exe], Version[6.2.0.5278]  @trustcertmgr.cpp(714)
(13336) 11/15/2023 10:04:50.136 TmDlpUpdate> Info: [TmDlpeUpdateAgentEx] Copy files... @tmdlpupdate.cpp(1371)
(13336) 11/15/2023 10:04:50.136 Dtool> Info: Remove [C:\Program Files (x86)\Trend Micro\Security Agent\dlplite\hotfix\x64\system32\drivers\sakfile.sys]
(13336) 11/15/2023 10:04:50.138 Dtool> Info: Copy [C:\Program Files (x86)\Trend Micro\Security Agent\dlplite\hotfix\x64\system32\dgagent\7z.dll] to [C:\Windows\system32\dgagent\7z.dll]
(13336) 11/15/2023 10:04:50.140 Dtool> Info: Copy [C:\Program Files (x86)\Trend Micro\Security Agent\dlplite\hotfix\x64\system32\dgagent\7z.exe] to [C:\Windows\system32\dgagent\7z.exe]
(13336) 11/15/2023 10:04:50.141 Dtool> Info: Copy [C:\Program Files (x86)\Trend Micro\Security Agent\dlplite\hotfix\x64\system32\dgagent\apihookstub.x64.dll] to [C:\Windows\system32\dgagent\apihookstub.x64.dll]
(13336) 11/15/2023 10:04:50.141 Dtool> Info: Copy [C:\Program Files (x86)\Trend Micro\Security Agent\dlplite\hotfix\x64\system32\dgagent\archive_7z.dll] to [C:\Windows\system32\dgagent\archive_7z.dll]
(13336) 11/15/2023 10:04:50.142 Dtool> Info: Copy [C:\Program Files (x86)\Trend Micro\Security Agent\dlplite\hotfix\x64\system32\dgagent\archive_vsapi.dll] to [C:\Windows\system32\dgagent\archive_vsapi.dll]
(13336) 11/15/2023 10:04:50.142 Dtool> Info: Copy [C:\Program Files (x86)\Trend Micro\Security Agent\dlplite\hotfix\x64\system32\dgagent\browser_pattern.xml] to [C:\Windows\system32\dgagent\browser_pattern.xml]
(13336) 11/15/2023 10:04:50.143 Dtool> Info: Copy [C:\Program Files (x86)\Trend Micro\Security Agent\dlplite\hotfix\x64\system32\dgagent\cme_vxe_dll.dll] to [C:\Windows\system32\dgagent\cme_vxe_dll.dll]
(13336) 11/15/2023 10:04:50.144 Dtool> Info: Copy [C:\Program Files (x86)\Trend Micro\Security Agent\dlplite\hotfix\x64\system32\dgagent\converter.pro] to [C:\Windows\system32\dgagent\converter.pro]
(13336) 11/15/2023 10:04:50.145 Dtool> Info: Copy [C:\Program Files (x86)\Trend Micro\Security Agent\dlplite\hotfix\x64\system32\dgagent\datadiscovery.exe] to [C:\Windows\system32\dgagent\datadiscovery.exe]
(13336) 11/15/2023 10:04:50.149 Dtool> Info: Copy [C:\Program Files (x86)\Trend Micro\Security Agent\dlplite\hotfix\x64\system32\dgagent\dbghelp.dll] to [C:\Windows\system32\dgagent\dbghelp.dll]
(13336) 11/15/2023 10:04:50.153 Dtool> Info: Copy [C:\Program Files (x86)\Trend Micro\Security Agent\dlplite\hotfix\x64\system32\dgagent\dgagent\showmsg.exe] to [C:\Windows\system32\dgagent\dgagent\showmsg.exe]
(13336) 11/15/2023 10:04:50.156 Dtool> Info: Copy [C:\Program Files (x86)\Trend Micro\Security Agent\dlplite\hotfix\x64\system32\dgagent\dlpconverter_dt.dll] to [C:\Windows\system32\dgagent\dlpconverter_dt.dll]
(13336) 11/15/2023 10:04:50.157 Dtool> Info: Copy [C:\Program Files (x86)\Trend Micro\Security Agent\dlplite\hotfix\x64\system32\dgagent\dlpdrvif.dll] to [C:\Windows\system32\dgagent\dlpdrvif.dll]
(13336) 11/15/2023 10:04:50.158 Dtool> Info: Copy [C:\Program Files (x86)\Trend Micro\Security Agent\dlplite\hotfix\x64\system32\dgagent\dlpexaddin.x64.dll] to [C:\Windows\system32\dgagent\dlpexaddin.x64.dll]
(13336) 11/15/2023 10:04:50.160 Dtool> Info: Copy [C:\Program Files (x86)\Trend Micro\Security Agent\dlplite\hotfix\x64\system32\dgagent\dlphook.x64.dll] to [C:\Windows\system32\dgagent\dlphook.x64.dll]
(13336) 11/15/2023 10:04:50.161 Dtool> Info: Copy [C:\Program Files (x86)\Trend Micro\Security Agent\dlplite\hotfix\x64\system32\dgagent\dlpwpdfltr\dlpwpdfltr.cat] to [C:\Windows\system32\dgagent\dlpwpdfltr\dlpwpdfltr.cat]
(13336) 11/15/2023 10:04:50.162 Dtool> Info: Copy [C:\Program Files (x86)\Trend Micro\Security Agent\dlplite\hotfix\x64\system32\dgagent\dlpwpdfltr\dlpwpdfltr.inf] to [C:\Windows\system32\dgagent\dlpwpdfltr\dlpwpdfltr.inf]
(13336) 11/15/2023 10:04:50.163 Dtool> Info: Copy [C:\Program Files (x86)\Trend Micro\Security Agent\dlplite\hotfix\x64\system32\dgagent\dlpwpdfltr\dlpwpdfltr.sys] to [C:\Windows\system32\dgagent\dlpwpdfltr\dlpwpdfltr.sys]
(13336) 11/15/2023 10:04:50.164 Dtool> Info: Copy [C:\Program Files (x86)\Trend Micro\Security Agent\dlplite\hotfix\x64\system32\dgagent\dlpwpdfltr\WDFRedist\KMDF-1.9\Microsoft Kernel-Mode Driver Framework Install-v1.9-Vista.msu] to [C:\Windows\system32\dgagent\dlpwpdfltr\WDFRedist\KMDF-1.9\Microsoft Kernel-Mode Driver Framework Install-v1.9-Vista.msu]
(13336) 11/15/2023 10:04:50.165 Dtool> Info: Copy [C:\Program Files (x86)\Trend Micro\Security Agent\dlplite\hotfix\x64\system32\dgagent\dlpwpdfltr\WDFRedist\KMDF-1.9\Microsoft Kernel-Mode Driver Framework Install-v1.9-Win2k-WinXP-Win2k3.exe] to [C:\Windows\system32\dgagent\dlpwpdfltr\WDFRedist\KMDF-1.9\Microsoft Kernel-Mode Driver Framework Install-v1.9-Win2k-WinXP-Win2k3.exe]
(13336) 11/15/2023 10:04:50.167 Dtool> Info: Copy [C:\Program Files (x86)\Trend Micro\Security Agent\dlplite\hotfix\x64\system32\dgagent\dlpwpdfltr\WDFRedist\UMDF-1.9\Microsoft User-Mode Driver Framework Install-v1.9-Vista.msu] to [C:\Windows\system32\dgagent\dlpwpdfltr\WDFRedist\UMDF-1.9\Microsoft User-Mode Driver Framework Install-v1.9-Vista.msu]
(13336) 11/15/2023 10:04:50.169 Dtool> Info: Copy [C:\Program Files (x86)\Trend Micro\Security Agent\dlplite\hotfix\x64\system32\dgagent\dlpwpdfltr\WDFRedist\UMDF-1.9\Microsoft User-Mode Driver Framework Install-v1.9-WinXP-Srv03.exe] to [C:\Windows\system32\dgagent\dlpwpdfltr\WDFRedist\UMDF-1.9\Microsoft User-Mode Driver Framework Install-v1.9-WinXP-Srv03.exe]
(13336) 11/15/2023 10:04:50.170 Dtool> Info: Copy [C:\Program Files (x86)\Trend Micro\Security Agent\dlplite\hotfix\x64\system32\dgagent\dlpwpdfltr\WDFRedist\USBCoInstaller2\WinUSB.exe] to [C:\Windows\system32\dgagent\dlpwpdfltr\WDFRedist\USBCoInstaller2\WinUSB.exe]
(13336) 11/15/2023 10:04:50.171 Dtool> Info: Copy [C:\Program Files (x86)\Trend Micro\Security Agent\dlplite\hotfix\x64\system32\dgagent\dlpwpdfltr\WDFRedist\USBCoInstaller2\WinUSB_1.9.msu] to [C:\Windows\system32\dgagent\dlpwpdfltr\WDFRedist\USBCoInstaller2\WinUSB_1.9.msu]
(13336) 11/15/2023 10:04:50.172 Dtool> Info: Copy [C:\Program Files (x86)\Trend Micro\Security Agent\dlplite\hotfix\x64\system32\dgagent\dlp_telemetry.dll] to [C:\Windows\system32\dgagent\dlp_telemetry.dll]
(13336) 11/15/2023 10:04:50.172 Dtool> Info: Copy [C:\Program Files (x86)\Trend Micro\Security Agent\dlplite\hotfix\x64\system32\dgagent\dlp_utils.dll] to [C:\Windows\system32\dgagent\dlp_utils.dll]
(13336) 11/15/2023 10:04:50.173 Dtool> Info: Copy [C:\Program Files (x86)\Trend Micro\Security Agent\dlplite\hotfix\x64\system32\dgagent\dsagent.exe] to [C:\Windows\system32\dgagent\dsagent.exe]
(13336) 11/15/2023 10:04:50.183 Dtool> Info: Copy [C:\Program Files (x86)\Trend Micro\Security Agent\dlplite\hotfix\x64\system32\dgagent\dtengine64.dll] to [C:\Windows\system32\dgagent\dtengine64.dll]
(13336) 11/15/2023 10:04:50.194 Dtool> Info: Copy [C:\Program Files (x86)\Trend Micro\Security Agent\dlplite\hotfix\x64\system32\dgagent\dtoop.exe] to [C:\Windows\system32\dgagent\dtoop.exe]
(13336) 11/15/2023 10:04:50.199 Dtool> Info: Copy [C:\Program Files (x86)\Trend Micro\Security Agent\dlplite\hotfix\x64\system32\dgagent\FEAPI.dll] to [C:\Windows\system32\dgagent\FEAPI.dll]
(13336) 11/15/2023 10:04:50.199 Dtool> Info: Copy [C:\Program Files (x86)\Trend Micro\Security Agent\dlplite\hotfix\x64\system32\dgagent\FECmd.exe] to [C:\Windows\system32\dgagent\FECmd.exe]
(13336) 11/15/2023 10:04:50.200 Dtool> Info: Copy [C:\Program Files (x86)\Trend Micro\Security Agent\dlplite\hotfix\x64\system32\dgagent\icudt68.dll] to [C:\Windows\system32\dgagent\icudt68.dll]
(13336) 11/15/2023 10:04:50.223 Dtool> Info: Copy [C:\Program Files (x86)\Trend Micro\Security Agent\dlplite\hotfix\x64\system32\dgagent\icudt71.dll] to [C:\Windows\system32\dgagent\icudt71.dll]
(13336) 11/15/2023 10:04:50.247 Dtool> Info: Copy [C:\Program Files (x86)\Trend Micro\Security Agent\dlplite\hotfix\x64\system32\dgagent\icuin68.dll] to [C:\Windows\system32\dgagent\icuin68.dll]
(13336) 11/15/2023 10:04:50.250 Dtool> Info: Copy [C:\Program Files (x86)\Trend Micro\Security Agent\dlplite\hotfix\x64\system32\dgagent\icuin71.dll] to [C:\Windows\system32\dgagent\icuin71.dll]
(13336) 11/15/2023 10:04:50.253 Dtool> Info: Copy [C:\Program Files (x86)\Trend Micro\Security Agent\dlplite\hotfix\x64\system32\dgagent\icuuc68.dll] to [C:\Windows\system32\dgagent\icuuc68.dll]
(13336) 11/15/2023 10:04:50.257 Dtool> Info: Copy [C:\Program Files (x86)\Trend Micro\Security Agent\dlplite\hotfix\x64\system32\dgagent\icuuc71.dll] to [C:\Windows\system32\dgagent\icuuc71.dll]
(13336) 11/15/2023 10:04:50.259 Dtool> Info: Copy [C:\Program Files (x86)\Trend Micro\Security Agent\dlplite\hotfix\x64\system32\dgagent\immessagehook.dll] to [C:\Windows\system32\dgagent\immessagehook.dll]
(13336) 11/15/2023 10:04:50.260 Dtool> Info: Copy [C:\Program Files (x86)\Trend Micro\Security Agent\dlplite\hotfix\x64\system32\dgagent\inetftpparser.dll] to [C:\Windows\system32\dgagent\inetftpparser.dll]
(13336) 11/15/2023 10:04:50.261 Dtool> Info: Copy [C:\Program Files (x86)\Trend Micro\Security Agent\dlplite\hotfix\x64\system32\dgagent\inethttpparser.dll] to [C:\Windows\system32\dgagent\inethttpparser.dll]
(13336) 11/15/2023 10:04:50.263 Dtool> Info: Copy [C:\Program Files (x86)\Trend Micro\Security Agent\dlplite\hotfix\x64\system32\dgagent\inetrapiparser.dll] to [C:\Windows\system32\dgagent\inetrapiparser.dll]
(13336) 11/15/2023 10:04:50.265 Dtool> Info: Copy [C:\Program Files (x86)\Trend Micro\Security Agent\dlplite\hotfix\x64\system32\dgagent\inetsmtpparser.dll] to [C:\Windows\system32\dgagent\inetsmtpparser.dll]
(13336) 11/15/2023 10:04:50.267 Dtool> Info: Copy [C:\Program Files (x86)\Trend Micro\Security Agent\dlplite\hotfix\x64\system32\dgagent\inetsyncfile.dll] to [C:\Windows\system32\dgagent\inetsyncfile.dll]
(13336) 11/15/2023 10:04:50.269 Dtool> Info: Copy [C:\Program Files (x86)\Trend Micro\Security Agent\dlplite\hotfix\x64\system32\dgagent\listdeviceinfo.exe] to [C:\Windows\system32\dgagent\listdeviceinfo.exe]
(13336) 11/15/2023 10:04:50.273 Dtool> Info: Copy [C:\Program Files (x86)\Trend Micro\Security Agent\dlplite\hotfix\x64\system32\dgagent\msvcp140.dll] to [C:\Windows\system32\dgagent\msvcp140.dll]
(13336) 11/15/2023 10:04:50.274 Dtool> Info: Copy [C:\Program Files (x86)\Trend Micro\Security Agent\dlplite\hotfix\x64\system32\dgagent\nmem.dll] to [C:\Windows\system32\dgagent\nmem.dll]
(13336) 11/15/2023 10:04:50.276 Dtool> Info: Copy [C:\Program Files (x86)\Trend Micro\Security Agent\dlplite\hotfix\x64\system32\dgagent\removeworkingdirectory.exe] to [C:\Windows\system32\dgagent\removeworkingdirectory.exe]
(13336) 11/15/2023 10:04:50.276 Dtool> Info: Copy [C:\Program Files (x86)\Trend Micro\Security Agent\dlplite\hotfix\x64\system32\dgagent\showmsg.exe] to [C:\Windows\system32\dgagent\showmsg.exe]
(13336) 11/15/2023 10:04:50.280 Dtool> Info: Copy [C:\Program Files (x86)\Trend Micro\Security Agent\dlplite\hotfix\x64\system32\dgagent\tmdevctrl.dll] to [C:\Windows\system32\dgagent\tmdevctrl.dll]
(13336) 11/15/2023 10:04:50.281 Dtool> Info: Skip copy tmdlpe.ptn
(13336) 11/15/2023 10:04:50.282 Dtool> Info: Copy [C:\Program Files (x86)\Trend Micro\Security Agent\dlplite\hotfix\x64\system32\dgagent\tmdsmengine.dll] to [C:\Windows\system32\dgagent\tmdsmengine.dll]
(13336) 11/15/2023 10:04:50.282 Dtool> Info: Copy [C:\Program Files (x86)\Trend Micro\Security Agent\dlplite\hotfix\x64\system32\dgagent\tmpeenum.xml] to [C:\Windows\system32\dgagent\tmpeenum.xml]
(13336) 11/15/2023 10:04:50.283 Dtool> Info: Copy [C:\Program Files (x86)\Trend Micro\Security Agent\dlplite\hotfix\x64\system32\dgagent\upgradecleaner.exe] to [C:\Windows\system32\dgagent\upgradecleaner.exe]
(13336) 11/15/2023 10:04:50.285 Dtool> Info: Copy [C:\Program Files (x86)\Trend Micro\Security Agent\dlplite\hotfix\x64\system32\dgagent\vcruntime140.dll] to [C:\Windows\system32\dgagent\vcruntime140.dll]
(13336) 11/15/2023 10:04:50.286 Dtool> Info: Copy [C:\Program Files (x86)\Trend Micro\Security Agent\dlplite\hotfix\x64\system32\dgagent\vcruntime140_1.dll] to [C:\Windows\system32\dgagent\vcruntime140_1.dll]
(13336) 11/15/2023 10:04:50.287 Dtool> Info: Copy [C:\Program Files (x86)\Trend Micro\Security Agent\dlplite\hotfix\x64\system32\dlp_utils.dll] to [C:\Windows\system32\dlp_utils.dll]
(13336) 11/15/2023 10:04:50.290 Dtool> Info: Copy [C:\Program Files (x86)\Trend Micro\Security Agent\dlplite\hotfix\x64\system32\immessagehook.dll] to [C:\Windows\system32\immessagehook.dll]
(13336) 11/15/2023 10:04:50.295 Dtool> Info: Copy [C:\Program Files (x86)\Trend Micro\Security Agent\dlplite\hotfix\x64\system32\showmsg.exe] to [C:\Windows\system32\showmsg.exe]
(13336) 11/15/2023 10:04:50.298 TmDlpUpdate> Info: [TmDlpeUpdateAgentEx] Copy files success!! @tmdlpupdate.cpp(1379)
(13336) 11/15/2023 10:04:50.298 TmDlpUpdate> Info: [updateWPDDriver] No need to update dlpwpdfltr driver!! @tmdlpupdate.cpp(1254)
(13336) 11/15/2023 10:04:50.298 Dtool> Err : path : C:\Windows\system32\dgagent\SDKDevCtrl.typ
(13336) 11/15/2023 10:04:50.298 TmDlpUpdate> Info: [updateServiceDependency] Add driver dependency to DSAsvc success!! @tmdlpupdate.cpp(1271)
(13336) 11/15/2023 10:04:50.299 TmDlpUpdate> Info: isServiceRunning()@ln:627> Service [SAKFile] was stopped.
(13336) 11/15/2023 10:04:50.299 Dtool> Info: [Reboot Copy] file : \??\C:\Program Files (x86)\Trend Micro\Security Agent\TmEngDrv.dll.old
(13336) 11/15/2023 10:04:50.299 Dtool> Info: [Reboot Copy] file : 
(13336) 11/15/2023 10:04:50.299 Dtool> Info: [Reboot Copy] file : \??\C:\Program Files (x86)\Microsoft\Edge\Temp\scoped_dir4552_1724857814\old_msedge.exe
(13336) 11/15/2023 10:04:50.299 Dtool> Info: [Reboot Copy] file : 
(13336) 11/15/2023 10:04:50.299 Dtool> Info: [Reboot Copy] file : \??\C:\Program Files (x86)\Microsoft\Edge\Temp\scoped_dir4552_1724857814
(13336) 11/15/2023 10:04:50.299 Dtool> Info: [Reboot Copy] file : 
(13336) 11/15/2023 10:04:50.299 Dtool> Info: [Reboot Copy] file : \??\C:\Program Files (x86)\Microsoft\Edge\Temp
(13336) 11/15/2023 10:04:50.299 Dtool> Info: [Reboot Copy] file : 
(13336) 11/15/2023 10:04:50.299 Dtool> Info: [Reboot Copy] file : \??\C:\Program Files\Google\Chrome\Temp\scoped_dir2968_151229494\old_chrome.exe
(13336) 11/15/2023 10:04:50.299 Dtool> Info: [Reboot Copy] file : 
(13336) 11/15/2023 10:04:50.299 Dtool> Info: [Reboot Copy] file : \??\C:\Program Files\Google\Chrome\Temp\scoped_dir2968_151229494
(13336) 11/15/2023 10:04:50.299 Dtool> Info: [Reboot Copy] file : 
(13336) 11/15/2023 10:04:50.299 Dtool> Info: [Reboot Copy] file : \??\C:\Program Files\Google\Chrome\Temp
(13336) 11/15/2023 10:04:50.299 Dtool> Info: [Reboot Copy] file : 
(13336) 11/15/2023 10:04:50.299 Dtool> Info: [Reboot Copy] file : \??\C:\Windows\Temp\392c8166-9727-4148-9645-16ff4a4d3bc6.tmp
(13336) 11/15/2023 10:04:50.299 Dtool> Info: [Reboot Copy] file : 
(13336) 11/15/2023 10:04:50.299 Dtool> Info: [Reboot Copy] file : \??\C:\Windows\Temp\c94203b3-1469-4c92-9690-2906da018a20.tmp
(13336) 11/15/2023 10:04:50.299 Dtool> Info: [Reboot Copy] file : 
(13336) 11/15/2023 10:04:50.299 Dtool> Info: [Reboot Copy] file : \??\C:\Windows\Temp\6881db3a-6b13-408d-a36f-8727d9afc3ca.tmp
(13336) 11/15/2023 10:04:50.299 Dtool> Info: [Reboot Copy] file : 
(13336) 11/15/2023 10:04:50.299 Dtool> Info: [Reboot Copy] file : \??\C:\Windows\Temp\bf5e7826-bd70-42e0-b958-be5a1ca999ba.tmp
(13336) 11/15/2023 10:04:50.299 Dtool> Info: [Reboot Copy] file : 
(13336) 11/15/2023 10:04:50.299 Dtool> Info: [Reboot Copy] file : \??\C:\Windows\Temp\558bcafa-9256-4975-b5ea-234e245c447c.tmp
(13336) 11/15/2023 10:04:50.299 Dtool> Info: [Reboot Copy] file : 
(13336) 11/15/2023 10:04:50.299 Dtool> Info: [Reboot Copy] file : \??\C:\Program Files (x86)\Microsoft\Edge\Temp\scoped_dir15588_1503501336\old_msedge.exe
(13336) 11/15/2023 10:04:50.299 Dtool> Info: [Reboot Copy] file : 
(13336) 11/15/2023 10:04:50.299 Dtool> Info: [Reboot Copy] file : \??\C:\Program Files (x86)\Microsoft\Edge\Temp\scoped_dir15588_1503501336
(13336) 11/15/2023 10:04:50.299 Dtool> Info: [Reboot Copy] file : 
(13336) 11/15/2023 10:04:50.299 Dtool> Info: [Reboot Copy] file : \??\C:\Program Files (x86)\Microsoft\Edge\Temp
(13336) 11/15/2023 10:04:50.299 Dtool> Info: [Reboot Copy] file : 
(13336) 11/15/2023 10:04:50.299 Dtool> Info: [Reboot Copy] file : \??\C:\Windows\Temp\794ee335-e342-48a8-b4ce-593c809001aa.tmp
(13336) 11/15/2023 10:04:50.299 Dtool> Info: [Reboot Copy] file : 
(13336) 11/15/2023 10:04:50.299 Dtool> Info: [Reboot Copy] file : \??\C:\Program Files\Google\Chrome\Temp\scoped_dir34140_800763014\old_chrome.exe
(13336) 11/15/2023 10:04:50.299 Dtool> Info: [Reboot Copy] file : 
(13336) 11/15/2023 10:04:50.299 Dtool> Info: [Reboot Copy] file : \??\C:\Program Files\Google\Chrome\Temp\scoped_dir34140_800763014
(13336) 11/15/2023 10:04:50.299 Dtool> Info: [Reboot Copy] file : 
(13336) 11/15/2023 10:04:50.299 Dtool> Info: [Reboot Copy] file : \??\C:\Program Files\Google\Chrome\Temp
(13336) 11/15/2023 10:04:50.299 Dtool> Info: [Reboot Copy] file : 
(13336) 11/15/2023 10:04:50.299 Dtool> Info: [Reboot Copy] file : \??\C:\Program Files (x86)\Microsoft\Edge\Temp\scoped_dir2996_275760379\old_msedge.exe
(13336) 11/15/2023 10:04:50.299 Dtool> Info: [Reboot Copy] file : 
(13336) 11/15/2023 10:04:50.299 Dtool> Info: [Reboot Copy] file : \??\C:\Program Files (x86)\Microsoft\Edge\Temp\scoped_dir2996_275760379
(13336) 11/15/2023 10:04:50.299 Dtool> Info: [Reboot Copy] file : 
(13336) 11/15/2023 10:04:50.299 Dtool> Info: [Reboot Copy] file : \??\C:\Program Files (x86)\Microsoft\Edge\Temp
(13336) 11/15/2023 10:04:50.299 Dtool> Info: [Reboot Copy] file : 
(13336) 11/15/2023 10:04:50.299 Dtool> Info: [Reboot Copy] file : \??\C:\Windows\Temp\15b96413-b1a6-4f8a-b8a1-3ae6188271be.tmp
(13336) 11/15/2023 10:04:50.299 Dtool> Info: [Reboot Copy] file : 
(13336) 11/15/2023 10:04:50.299 Dtool> Info: [Reboot Copy] file : \??\C:\Program Files (x86)\Microsoft\Edge\Temp\scoped_dir18688_448706403\old_msedge.exe
(13336) 11/15/2023 10:04:50.299 Dtool> Info: [Reboot Copy] file : 
(13336) 11/15/2023 10:04:50.299 Dtool> Info: [Reboot Copy] file : \??\C:\Program Files (x86)\Microsoft\Edge\Temp\scoped_dir18688_448706403
(13336) 11/15/2023 10:04:50.299 Dtool> Info: [Reboot Copy] file : 
(13336) 11/15/2023 10:04:50.299 Dtool> Info: [Reboot Copy] file : \??\C:\Program Files (x86)\Microsoft\Edge\Temp
(13336) 11/15/2023 10:04:50.299 Dtool> Info: [Reboot Copy] file : 
(13336) 11/15/2023 10:04:50.299 Dtool> Info: [Reboot Copy] file : \??\C:\Program Files\Google\Chrome\Temp\scoped_dir19436_68987902\old_chrome.exe
(13336) 11/15/2023 10:04:50.299 Dtool> Info: [Reboot Copy] file : 
(13336) 11/15/2023 10:04:50.299 Dtool> Info: [Reboot Copy] file : \??\C:\Program Files\Google\Chrome\Temp\scoped_dir19436_68987902
(13336) 11/15/2023 10:04:50.299 Dtool> Info: [Reboot Copy] file : 
(13336) 11/15/2023 10:04:50.299 Dtool> Info: [Reboot Copy] file : \??\C:\Program Files\Google\Chrome\Temp
(13336) 11/15/2023 10:04:50.299 Dtool> Info: [Reboot Copy] file : 
(13336) 11/15/2023 10:04:50.299 Dtool> Info: [Reboot Copy] file : \??\C:\Program Files (x86)\Microsoft\EdgeUpdate\1.3.177.11
(13336) 11/15/2023 10:04:50.299 Dtool> Info: [Reboot Copy] file : 
(13336) 11/15/2023 10:04:50.299 Dtool> Info: [Reboot Copy] file : \??\C:\Windows\Temp\970895b5-3789-4dc3-a0aa-01ff75176c0a.tmp
(13336) 11/15/2023 10:04:50.299 Dtool> Info: [Reboot Copy] file : 
(13336) 11/15/2023 10:04:50.299 Dtool> Info: [Reboot Copy] file : \??\C:\Windows\Temp\5c5f8404-3dac-4d1b-aba4-f67b3da74a71.tmp
(13336) 11/15/2023 10:04:50.299 Dtool> Info: [Reboot Copy] file : 
(13336) 11/15/2023 10:04:50.299 Dtool> Info: [Reboot Copy] file : \??\C:\Program Files (x86)\Microsoft\Edge\Temp\scoped_dir27276_2108408061\old_msedge.exe
(13336) 11/15/2023 10:04:50.299 Dtool> Info: [Reboot Copy] file : 
(13336) 11/15/2023 10:04:50.299 Dtool> Info: [Reboot Copy] file : \??\C:\Program Files (x86)\Microsoft\Edge\Temp\scoped_dir27276_2108408061
(13336) 11/15/2023 10:04:50.299 Dtool> Info: [Reboot Copy] file : 
(13336) 11/15/2023 10:04:50.299 Dtool> Info: [Reboot Copy] file : \??\C:\Program Files (x86)\Microsoft\Edge\Temp
(13336) 11/15/2023 10:04:50.300 Dtool> Info: [Reboot Copy] file : 
(13336) 11/15/2023 10:04:50.300 Dtool> Info: [Reboot Copy] file : \??\C:\Program Files (x86)\Microsoft\Edge\Temp\scoped_dir2600_964733004\old_msedge.exe
(13336) 11/15/2023 10:04:50.300 Dtool> Info: [Reboot Copy] file : 
(13336) 11/15/2023 10:04:50.300 Dtool> Info: [Reboot Copy] file : \??\C:\Program Files (x86)\Microsoft\Edge\Temp\scoped_dir2600_964733004
(13336) 11/15/2023 10:04:50.300 Dtool> Info: [Reboot Copy] file : 
(13336) 11/15/2023 10:04:50.300 Dtool> Info: [Reboot Copy] file : \??\C:\Program Files (x86)\Microsoft\Edge\Temp
(13336) 11/15/2023 10:04:50.300 Dtool> Info: [Reboot Copy] file : 
(13336) 11/15/2023 10:04:50.300 Dtool> Info: [Reboot Copy] file : \??\C:\Windows\Temp\d9692a82-a289-4252-8c1c-23a443269fc9.tmp
(13336) 11/15/2023 10:04:50.300 Dtool> Info: [Reboot Copy] file : 
(13336) 11/15/2023 10:04:50.300 Dtool> Info: [Reboot Copy] file : \??\C:\Program Files (x86)\Microsoft\Edge\Temp\scoped_dir12120_1327438418\old_msedge.exe
(13336) 11/15/2023 10:04:50.300 Dtool> Info: [Reboot Copy] file : 
(13336) 11/15/2023 10:04:50.300 Dtool> Info: [Reboot Copy] file : \??\C:\Program Files (x86)\Microsoft\Edge\Temp\scoped_dir12120_1327438418
(13336) 11/15/2023 10:04:50.300 Dtool> Info: [Reboot Copy] file : 
(13336) 11/15/2023 10:04:50.300 Dtool> Info: [Reboot Copy] file : \??\C:\Program Files (x86)\Microsoft\Edge\Temp
(13336) 11/15/2023 10:04:50.300 Dtool> Info: [Reboot Copy] file : 
(13336) 11/15/2023 10:04:50.300 Dtool> Info: [Reboot Copy] file : \??\C:\Windows\Temp\af7a0951-7e48-4525-a2bb-417e36d780b9.tmp
(13336) 11/15/2023 10:04:50.300 Dtool> Info: [Reboot Copy] file : 
(13336) 11/15/2023 10:04:50.300 Dtool> Info: [Reboot Copy] file : 
(39636) 11/15/2023 15:11:08.714 Dtool> Info: [TmDlpeUninstallAgent] === Start to uninstall DLP === @pasdk.cpp(2171)
(39636) 11/15/2023 15:11:08.737 Dtool> Info: TmDlpeUninstallAgent() agent service is running or start to running!
(39636) 11/15/2023 15:11:09.058 Dtool> Err : path : C:\Windows\system32\dgagent\SDKDevCtrl.typ
(39636) 11/15/2023 15:11:09.058 Dtool> Info: --- Uninstall Data Loss Prevention Endpoint Started ---
(39636) 11/15/2023 15:11:09.058 Dtool> Info: Sending Stop code to service.
(39636) 11/15/2023 15:11:09.187 Dtool> Info: Stopping service. wait 1000 millisecond
(39636) 11/15/2023 15:11:10.192 Dtool> Info: Stopping service. wait 1000 millisecond
(39636) 11/15/2023 15:11:11.198 Dtool> Info: Stopping service. wait 1000 millisecond
(39636) 11/15/2023 15:11:12.202 Dtool> Info: Stopping service. wait 1000 millisecond
(39636) 11/15/2023 15:11:13.217 Dtool> Info: Stopping service. wait 1000 millisecond
(39636) 11/15/2023 15:11:14.228 Dtool> Info: Stopping service. wait 1000 millisecond
(39636) 11/15/2023 15:11:15.243 Dtool> Info: Stopping service. wait 1000 millisecond
(39636) 11/15/2023 15:11:16.249 Dtool> Info: Stopping service. wait 1000 millisecond
(39636) 11/15/2023 15:11:17.256 Dtool> Info: Stopping service. wait 1000 millisecond
(39636) 11/15/2023 15:11:18.264 Dtool> Info: 1st - DSA service stopped.
(39636) 11/15/2023 15:11:18.520 Dtool> Info: [DeleteWpdFilterDrvFiles] SetupInstallFromInfSection <DefaultUninstall.NTamd64> success with dlpwpdfltr.inf @c:\source\dlp\dlpe-sdk\dsa\src\cpp\dsa\agent\uninstaller\uninstaller.cpp(289)
(39636) 11/15/2023 15:11:18.521 Dtool> Info: [DeleteWpdFilterDrvFiles] SetupInstallServicesFromInfSection <DefaultUninstall.NTamd64.Services> success with dlpwpdfltr.inf @c:\source\dlp\dlpe-sdk\dsa\src\cpp\dsa\agent\uninstaller\uninstaller.cpp(308)
(39636) 11/15/2023 15:11:18.521 Dtool> Info: Delete dlpwpdfltr Completely!
(39636) 11/15/2023 15:11:18.521 Dtool> Info: NotifyCustomDlgProcesses> SetEvent successfully!
(39636) 11/15/2023 15:11:20.528 Dtool> Info: Delete CustomDlgFiles Completely!
(39636) 11/15/2023 15:11:20.528 Dtool> Info: Removing the client directory.
(39636) 11/15/2023 15:11:20.583 Dtool> Info: wait for removeWorkingDirectory.exe staring.
(39636) 11/15/2023 15:11:20.699 Dtool> Info: quit waiting for removeWorkingDirectory.
(39636) 11/15/2023 15:11:20.699 Dtool> Info: Remove the Outlook Addin.
(39636) 11/15/2023 15:11:20.699 Dtool> Warn: Failed to delete OUTLOOK_ADDINS_DLP_KEY.
(39636) 11/15/2023 15:11:20.699 Dtool> Warn: Failed to delete OUTLOOK_ADDINS_CLSID.
(39636) 11/15/2023 15:11:20.699 Dtool> Warn: Failed to delete OUTLOOK_ADDINS_DLP_KEY.
(39636) 11/15/2023 15:11:20.699 Dtool> Warn: Failed to delete OUTLOOK_ADDINS_CLSID.
(39636) 11/15/2023 15:11:20.699 Dtool> Info: Remove the Lotus Client Extension.
(39636) 11/15/2023 15:11:20.699 Dtool> Warn: LOTUS_NOTES_KEY not found.
(39636) 11/15/2023 15:11:20.699 Dtool> Info: Remove registry service keys.
(39636) 11/15/2023 15:11:20.699 Dtool> Err : Fail to read Tag from SakNet!(2)
(39636) 11/15/2023 15:11:20.699 Dtool> Info: Remove Telemetry registry keys
(39636) 11/15/2023 15:11:20.699 Dtool> Warn: Remove Telemetry registry keys failed. Err: 2
(39636) 11/15/2023 15:11:20.699 Dtool> Info: --- Uninstall Data Loss Prevention Endpoint Finished ---
(39636) 11/15/2023 15:11:20.699 Dtool> Info: Remove [C:\Windows\system32\Logger.cfg]
(39636) 11/15/2023 15:11:20.699 Dtool> Info: Uninstalling 64bit agent.
(39636) 11/15/2023 15:11:20.699 Dtool> Info: 64-bit agent source directory: C:\Program Files (x86)\Trend Micro\Security Agent\dlplite\System32\dgagent\x64
(39636) 11/15/2023 15:11:20.699 Dtool> Info: 64-bit agent destination directory: C:\Windows\system32\dgagent
(39636) 11/15/2023 15:11:20.699 Dtool> Info: 32-bit agent source directory: C:\Program Files (x86)\Trend Micro\Security Agent\dlplite\System32\dgagent\win32
(39636) 11/15/2023 15:11:20.699 Dtool> Info: 32-bit agent destination directory: C:\Windows\SysWOW64\dgagent
(39636) 11/15/2023 15:11:20.712 Dtool> Info: Agent pop success!
(39636) 11/15/2023 15:11:20.733 Dtool> Info: Remove [C:\Windows\system32\drivers\sakfile.sys]
(39636) 11/15/2023 15:11:20.733 Dtool> Info: Remove [C:\Windows\system32\drivers\1330885.cab]
(39636) 11/15/2023 15:11:20.733 Dtool> Info: Driver pop success!
(39636) 11/15/2023 15:11:20.734 Dtool> Info: Remove [C:\Windows\SysWow64\ShowMix.xml]
(39636) 11/15/2023 15:11:20.734 Dtool> Info: Remove [C:\Windows\SysWow64\ShowMix.dll]
(39636) 11/15/2023 15:11:20.734 Dtool> Info: localhost uninstalled successfully!
(39636) 11/15/2023 15:11:20.734 Dtool> Info: Remove Safe Boot Sucessful!
(39636) 11/15/2023 15:11:20.734 Dtool> Info: [TmDlpeUninstallAgent] === TmDlpeUninstallAgent(C:\Program Files (x86)\Trend Micro\Security Agent\dlplite\System32\) success! === @pasdk.cpp(2235)
